,Arrival_Date,Modal_x0020_Price
700648,2002-01-10,7500.0
700649,2002-01-16,7500.0
700650,2002-01-18,7500.0
700464,2002-04-02,650.0
700465,2002-04-03,750.0
700466,2002-04-04,800.0
700467,2002-04-05,800.0
700468,2002-04-15,850.0
700469,2002-04-16,850.0
700470,2002-04-18,750.0
700471,2002-04-20,850.0
700472,2002-04-23,800.0
700473,2002-04-24,800.0
700474,2002-04-26,900.0
700475,2002-04-27,900.0
700476,2002-05-02,850.0
700477,2002-05-03,850.0
700478,2002-05-06,800.0
700479,2002-05-07,750.0
700480,2002-05-08,650.0
700481,2002-05-09,650.0
700482,2002-05-10,650.0
700483,2002-05-13,600.0
700484,2002-05-15,700.0
700485,2002-05-16,700.0
700486,2002-05-17,650.0
700487,2002-05-18,700.0
700488,2002-05-20,700.0
700489,2002-05-22,700.0
700490,2002-05-23,800.0
700491,2002-05-24,700.0
700492,2002-05-27,800.0
700493,2002-05-28,800.0
700494,2002-05-29,800.0
700495,2002-05-30,900.0
700496,2002-05-31,850.0
700497,2002-06-01,900.0
700498,2002-06-03,800.0
700499,2002-06-04,900.0
700500,2002-06-05,900.0
700501,2002-06-06,900.0
700502,2002-06-07,900.0
700503,2002-06-10,900.0
700504,2002-06-11,800.0
700505,2002-06-13,900.0
700506,2002-06-14,800.0
700507,2002-06-15,900.0
700508,2002-06-17,800.0
700509,2002-06-18,800.0
700510,2002-06-19,800.0
700511,2002-06-20,800.0
700512,2002-06-21,800.0
700513,2002-06-22,800.0
700514,2002-06-24,900.0
700515,2002-06-25,900.0
700516,2002-06-26,900.0
700517,2002-06-27,1000.0
700518,2002-06-28,1000.0
700519,2002-06-29,900.0
700520,2002-07-01,900.0
700521,2002-07-02,900.0
700522,2002-07-03,1000.0
700523,2002-07-04,1000.0
700524,2002-07-05,1000.0
700525,2002-07-06,1000.0
700526,2002-07-08,1000.0
700527,2002-07-09,1000.0
700528,2002-07-10,1000.0
700529,2002-07-11,1000.0
700530,2002-07-12,950.0
700531,2002-07-15,1000.0
700532,2002-07-16,1000.0
700533,2002-07-17,1000.0
700534,2002-07-18,1000.0
700535,2002-07-19,1000.0
700536,2002-07-20,1000.0
700537,2002-07-22,1000.0
700538,2002-07-23,1000.0
700539,2002-07-24,1000.0
700540,2002-07-25,1000.0
700541,2002-07-26,1000.0
700542,2002-07-27,1000.0
700543,2002-07-29,1000.0
700544,2002-07-30,1000.0
700545,2002-07-31,1000.0
700546,2002-08-01,1100.0
700547,2002-08-02,1100.0
700548,2002-08-03,1100.0
700549,2002-08-05,1100.0
700550,2002-08-06,1100.0
700551,2002-08-08,1100.0
700552,2002-08-09,1100.0
700553,2002-08-12,1100.0
700554,2002-08-13,1000.0
700555,2002-08-14,1100.0
700556,2002-08-16,1100.0
700557,2002-08-17,1100.0
700558,2002-08-19,1100.0
700559,2002-08-20,1100.0
700560,2002-08-21,1100.0
700561,2002-08-22,1100.0
700562,2002-08-23,1100.0
700563,2002-08-24,1100.0
700564,2002-08-26,1100.0
700565,2002-08-27,1100.0
700566,2002-08-28,1200.0
700567,2002-08-29,1100.0
700568,2002-08-31,1100.0
700569,2002-09-02,1100.0
700570,2002-09-03,1100.0
700571,2002-09-04,1100.0
700572,2002-09-05,1100.0
700573,2002-09-06,1200.0
700574,2002-09-07,1200.0
700575,2002-09-09,1200.0
700576,2002-09-11,1200.0
700577,2002-09-13,1200.0
700578,2002-09-16,1200.0
700579,2002-09-17,1300.0
700580,2002-09-18,1200.0
700581,2002-09-19,1300.0
700582,2002-09-20,1400.0
700583,2002-09-21,1200.0
700584,2002-09-23,1200.0
700585,2002-09-24,1200.0
700586,2002-09-25,1300.0
700587,2002-09-26,1300.0
700588,2002-09-27,1300.0
700589,2002-09-28,1200.0
700590,2002-09-30,1200.0
700591,2002-10-01,1200.0
700592,2002-10-03,1300.0
700593,2002-10-04,1400.0
700594,2002-10-05,1400.0
700595,2002-10-08,1400.0
700596,2002-10-09,1400.0
700597,2002-10-10,1400.0
700598,2002-10-11,1400.0
700599,2002-10-16,1400.0
700600,2002-10-25,1300.0
700601,2002-10-26,1300.0
700602,2002-10-28,1300.0
700603,2002-10-29,1300.0
700604,2002-10-30,1300.0
700605,2002-10-31,1200.0
700606,2002-11-02,1300.0
700607,2002-11-04,1300.0
700608,2002-11-06,1200.0
700609,2002-11-07,1300.0
700610,2002-11-08,1300.0
700611,2002-11-11,1300.0
700612,2002-11-12,1200.0
700613,2002-11-13,1300.0
700614,2002-11-14,1300.0
700615,2002-11-15,1300.0
700616,2002-11-16,1300.0
700617,2002-11-18,1300.0
700618,2002-11-19,1200.0
700619,2002-11-20,1200.0
700620,2002-11-21,1300.0
700621,2002-11-22,1300.0
700622,2002-11-23,1300.0
700623,2002-11-25,1300.0
700624,2002-11-26,1300.0
700625,2002-11-27,1300.0
700626,2002-11-28,1200.0
700627,2002-11-29,1300.0
700628,2002-11-30,1200.0
700629,2002-12-02,1300.0
700630,2002-12-03,1300.0
700631,2002-12-04,1300.0
700632,2002-12-05,1200.0
700633,2002-12-07,1300.0
700634,2002-12-11,1200.0
700635,2002-12-13,1200.0
700636,2002-12-16,1200.0
700637,2002-12-18,1200.0
700638,2002-12-19,1100.0
700639,2002-12-20,1200.0
700640,2002-12-21,1100.0
700641,2002-12-23,1100.0
700642,2002-12-24,900.0
700643,2002-12-26,1000.0
700644,2002-12-27,900.0
700645,2002-12-28,900.0
700646,2002-12-30,900.0
700647,2002-12-31,900.0
497766,2003-01-01,900.0
497767,2003-01-02,900.0
497768,2003-01-03,1000.0
497769,2003-01-04,900.0
497770,2003-01-06,900.0
497771,2003-01-07,1000.0
497772,2003-01-08,1000.0
497773,2003-01-09,900.0
497774,2003-01-10,900.0
497775,2003-01-13,900.0
497776,2003-01-14,1000.0
497777,2003-01-16,1000.0
497778,2003-01-17,1000.0
497779,2003-01-18,1000.0
497780,2003-01-20,1000.0
497781,2003-01-21,1000.0
497782,2003-01-22,1000.0
497783,2003-01-23,1100.0
497784,2003-01-24,1000.0
497785,2003-01-27,1000.0
497786,2003-01-28,1000.0
497787,2003-01-29,1000.0
497788,2003-01-30,1000.0
497789,2003-01-31,1000.0
497790,2003-02-01,1000.0
497791,2003-02-03,1000.0
497792,2003-02-04,1200.0
497793,2003-02-05,1300.0
497794,2003-02-06,1200.0
497795,2003-02-07,1200.0
497796,2003-02-10,1200.0
497797,2003-02-11,1200.0
497798,2003-02-13,1200.0
497799,2003-02-14,1200.0
497800,2003-02-15,1200.0
497801,2003-02-17,1200.0
497802,2003-02-18,1200.0
497803,2003-02-19,1200.0
497804,2003-02-20,1200.0
497805,2003-02-21,1200.0
497806,2003-02-22,1200.0
497807,2003-02-24,1200.0
497808,2003-02-25,1200.0
497809,2003-02-26,1200.0
497810,2003-02-27,1200.0
497811,2003-02-28,1100.0
497812,2003-03-03,1200.0
497813,2003-03-04,1200.0
497814,2003-03-05,1200.0
497815,2003-03-06,1200.0
497816,2003-03-07,1200.0
497817,2003-03-10,1200.0
497818,2003-03-11,1200.0
497819,2003-03-12,1200.0
497820,2003-03-13,1200.0
497821,2003-03-15,1200.0
497822,2003-03-17,1200.0
497823,2003-03-18,1200.0
497824,2003-03-19,1200.0
497825,2003-03-20,1200.0
497826,2003-03-21,1100.0
497827,2003-03-22,1100.0
497828,2003-03-24,1100.0
497829,2003-03-25,1200.0
497830,2003-03-26,1200.0
497831,2003-03-27,1100.0
497832,2003-03-28,1200.0
497833,2003-03-29,1100.0
497834,2003-03-31,1100.0
497835,2003-04-01,1200.0
497836,2003-04-03,1200.0
497837,2003-04-04,1200.0
497838,2003-04-05,1200.0
497839,2003-04-07,1200.0
497840,2003-04-08,1200.0
497841,2003-04-09,1300.0
497842,2003-04-10,1300.0
497843,2003-04-11,1300.0
497844,2003-04-16,1500.0
497845,2003-04-17,1500.0
497846,2003-04-19,1300.0
497847,2003-04-21,1200.0
497848,2003-04-22,1200.0
497849,2003-04-23,1200.0
497850,2003-04-24,1200.0
497851,2003-04-25,1200.0
497852,2003-04-26,1200.0
497853,2003-04-28,1100.0
497854,2003-04-29,1100.0
497855,2003-04-30,1000.0
497856,2003-05-02,1100.0
497857,2003-05-03,1000.0
497858,2003-05-05,1000.0
497859,2003-05-06,1000.0
497860,2003-05-07,1000.0
497861,2003-05-08,900.0
497862,2003-05-09,1100.0
497863,2003-05-12,1200.0
497864,2003-05-13,1200.0
497865,2003-05-14,1300.0
497866,2003-05-16,1300.0
497867,2003-05-17,1300.0
497868,2003-05-19,1300.0
497869,2003-05-20,1300.0
497870,2003-05-21,1000.0
497871,2003-05-22,1000.0
497872,2003-05-23,1000.0
497873,2003-05-24,1000.0
497874,2003-05-26,1200.0
497875,2003-05-27,1000.0
497876,2003-05-28,1000.0
497877,2003-05-29,1000.0
497878,2003-05-30,1100.0
497879,2003-05-31,1100.0
497880,2003-06-02,1200.0
497881,2003-06-03,1100.0
497882,2003-06-04,1200.0
497883,2003-06-05,1200.0
497884,2003-06-06,1200.0
497885,2003-06-07,1200.0
497886,2003-06-09,1200.0
497887,2003-06-10,1300.0
497888,2003-06-11,1200.0
497889,2003-06-12,1300.0
497890,2003-06-13,1300.0
497891,2003-06-16,1300.0
497892,2003-06-17,1125.0
497893,2003-06-18,1300.0
497894,2003-06-19,1300.0
497895,2003-06-20,1300.0
497896,2003-06-21,1300.0
497897,2003-06-23,1300.0
497898,2003-06-24,1300.0
497899,2003-06-25,1300.0
497900,2003-06-26,1300.0
497901,2003-06-27,1300.0
497902,2003-06-28,1200.0
497903,2003-06-30,1200.0
497904,2003-07-01,1200.0
497905,2003-07-02,1300.0
497906,2003-07-03,1300.0
497907,2003-07-04,1300.0
497908,2003-07-05,1300.0
497909,2003-07-07,1300.0
497910,2003-07-08,1300.0
497911,2003-07-09,1300.0
497912,2003-07-10,1400.0
497913,2003-07-11,1400.0
497914,2003-07-15,1350.0
497915,2003-07-16,1300.0
497916,2003-07-17,1200.0
497917,2003-07-18,1300.0
497918,2003-07-21,1300.0
497919,2003-07-22,1300.0
497920,2003-07-23,1200.0
497921,2003-07-24,1200.0
497922,2003-07-25,1300.0
497923,2003-07-26,1300.0
497924,2003-07-28,1300.0
497925,2003-07-29,1300.0
497926,2003-07-30,1300.0
497927,2003-07-31,1200.0
497928,2003-08-01,1300.0
497929,2003-08-02,1300.0
497930,2003-08-04,1500.0
497931,2003-08-05,1600.0
497932,2003-08-07,1400.0
497933,2003-08-08,1600.0
497934,2003-08-11,1300.0
497935,2003-08-12,1200.0
497936,2003-08-14,1200.0
497937,2003-08-16,1300.0
497938,2003-08-18,1300.0
497939,2003-08-19,1300.0
497940,2003-08-20,1300.0
497941,2003-08-21,1300.0
497942,2003-08-22,1300.0
497943,2003-08-23,1200.0
497944,2003-08-25,1500.0
497945,2003-08-26,1500.0
497946,2003-08-27,1500.0
497947,2003-08-28,1500.0
497948,2003-08-29,1400.0
497949,2003-08-30,1400.0
497950,2003-09-01,1200.0
497951,2003-09-02,1300.0
497952,2003-09-03,1300.0
497953,2003-09-04,1300.0
497954,2003-09-05,1300.0
497955,2003-09-08,1200.0
497956,2003-09-09,1400.0
497957,2003-09-10,1300.0
497958,2003-09-11,1200.0
497959,2003-09-12,1200.0
497960,2003-09-15,1400.0
497961,2003-09-16,1200.0
497962,2003-09-17,1200.0
497963,2003-09-18,1200.0
497964,2003-09-19,1200.0
497965,2003-09-20,1300.0
497966,2003-09-22,1300.0
497967,2003-09-23,1300.0
497968,2003-09-24,1300.0
497969,2003-09-26,1400.0
497970,2003-09-27,1300.0
497971,2003-09-29,1300.0
497972,2003-09-30,1500.0
497973,2003-10-01,1600.0
497974,2003-10-03,1600.0
497975,2003-10-06,1300.0
497976,2003-10-07,1200.0
497977,2003-10-08,1200.0
497978,2003-10-09,1300.0
497979,2003-10-13,1200.0
497980,2003-10-14,1300.0
497981,2003-10-15,1200.0
497982,2003-10-16,1200.0
497983,2003-10-17,1100.0
497984,2003-10-18,1200.0
497985,2003-10-20,1200.0
497986,2003-10-21,1200.0
497987,2003-10-23,1300.0
497988,2003-10-25,1100.0
497989,2003-10-27,1000.0
497990,2003-10-28,1100.0
497991,2003-10-29,1000.0
497992,2003-11-03,1200.0
497993,2003-11-05,1100.0
497994,2003-11-06,1100.0
497995,2003-11-10,1200.0
497996,2003-11-11,1300.0
497997,2003-11-12,1300.0
497998,2003-11-13,1200.0
497999,2003-11-14,1100.0
498000,2003-11-15,1200.0
498001,2003-11-18,1200.0
498002,2003-11-20,1200.0
498003,2003-11-21,1200.0
498004,2003-11-22,1200.0
498005,2003-11-24,1300.0
498006,2003-11-25,1300.0
498007,2003-11-27,1300.0
498008,2003-11-28,1200.0
498009,2003-11-29,1200.0
498010,2003-12-01,1300.0
222316,2004-01-05,1300.0
222317,2004-01-06,1200.0
222318,2004-01-07,1200.0
222319,2004-01-08,1200.0
222320,2004-01-09,1100.0
222321,2004-01-12,1100.0
222322,2004-01-14,1200.0
222323,2004-01-16,1200.0
222324,2004-01-17,1200.0
222325,2004-01-19,1300.0
222326,2004-01-20,1200.0
222327,2004-01-21,1200.0
222328,2004-01-22,1400.0
222329,2004-01-23,1300.0
222330,2004-01-24,1300.0
222331,2004-01-27,1550.0
222332,2004-01-28,1450.0
222333,2004-01-29,1500.0
222334,2004-01-31,1450.0
222335,2004-02-03,1500.0
222336,2004-02-04,1500.0
222337,2004-02-05,1500.0
222338,2004-02-06,1500.0
222339,2004-02-07,1500.0
222340,2004-02-09,1300.0
222341,2004-02-10,1400.0
222342,2004-02-11,1400.0
222343,2004-02-12,1300.0
222344,2004-02-16,1300.0
222345,2004-02-17,1400.0
222346,2004-02-19,1500.0
222347,2004-02-20,1500.0
222348,2004-02-23,1400.0
222349,2004-02-24,1200.0
222350,2004-02-25,1300.0
222351,2004-02-26,1100.0
222352,2004-02-27,1200.0
222353,2004-02-28,1200.0
222354,2004-03-01,1200.0
222355,2004-03-03,1300.0
222356,2004-03-04,1400.0
222357,2004-03-05,1400.0
222358,2004-03-06,1400.0
222359,2004-03-08,1400.0
222360,2004-03-09,1300.0
222361,2004-03-19,1200.0
222362,2004-03-20,1200.0
222363,2004-03-23,1300.0
222364,2004-03-24,1300.0
222365,2004-03-25,1300.0
222366,2004-03-26,1400.0
222367,2004-03-27,1300.0
222368,2004-03-29,1400.0
222369,2004-03-30,1400.0
222370,2004-03-31,1500.0
222371,2004-04-01,1400.0
222372,2004-04-08,1200.0
222373,2004-04-12,1200.0
222374,2004-04-13,1200.0
222375,2004-04-15,1300.0
222376,2004-04-16,1400.0
222377,2004-04-17,1400.0
222378,2004-04-19,1400.0
222379,2004-04-21,1400.0
222380,2004-04-23,1400.0
222381,2004-04-24,1300.0
222382,2004-04-26,1400.0
222383,2004-04-27,1200.0
222384,2004-04-28,1300.0
222385,2004-05-05,1400.0
222386,2004-05-06,1400.0
222387,2004-05-10,1400.0
222388,2004-05-14,700.0
222389,2004-05-15,1300.0
222390,2004-05-17,1200.0
222391,2004-05-18,1500.0
222392,2004-05-19,1400.0
222393,2004-05-26,1300.0
222394,2004-05-27,1300.0
222395,2004-05-28,1300.0
222396,2004-05-29,1300.0
222397,2004-06-29,1300.0
222398,2004-07-01,1550.0
222399,2004-07-03,1350.0
222400,2004-07-05,1300.0
222401,2004-07-06,1400.0
222402,2004-07-07,1400.0
222403,2004-07-08,1400.0
222404,2004-07-28,1500.0
222405,2004-07-29,1600.0
222406,2004-07-30,1600.0
222407,2004-08-02,1500.0
222408,2004-08-03,1600.0
222409,2004-08-05,1500.0
222410,2004-08-06,1400.0
222411,2004-08-07,1500.0
222412,2004-08-09,1550.0
222413,2004-08-10,1700.0
222414,2004-08-23,1700.0
222415,2004-08-24,1400.0
222416,2004-08-25,1600.0
222417,2004-08-26,1700.0
222418,2004-08-27,1700.0
222419,2004-08-28,1800.0
222420,2004-08-30,2000.0
222421,2004-08-31,1500.0
222422,2004-09-01,1700.0
222423,2004-09-02,1500.0
222424,2004-09-03,1800.0
222425,2004-09-04,1500.0
222426,2004-09-06,1500.0
222427,2004-09-23,1700.0
222428,2004-09-25,1700.0
222429,2004-10-01,1700.0
222430,2004-10-04,1500.0
222431,2004-10-05,1600.0
222432,2004-10-06,1700.0
222433,2004-10-07,1500.0
222434,2004-10-08,1600.0
222435,2004-10-11,1600.0
222436,2004-10-12,1400.0
222437,2004-10-14,1100.0
222438,2004-10-15,1100.0
222439,2004-10-16,1200.0
222440,2004-10-18,1100.0
222441,2004-10-19,1700.0
222442,2004-10-20,1500.0
222443,2004-10-21,1600.0
222444,2004-10-25,1500.0
222445,2004-10-26,1700.0
222446,2004-11-16,1400.0
222447,2004-11-17,1300.0
222448,2004-11-19,1300.0
222449,2004-11-20,1300.0
222450,2004-11-22,1500.0
222451,2004-11-23,1600.0
222452,2004-11-24,1500.0
222313,2004-11-29,1300.0
222314,2004-11-30,1100.0
222315,2004-12-01,1300.0
280893,2005-01-01,1200.0
280894,2005-01-03,1100.0
280895,2005-01-04,1000.0
280896,2005-01-05,1100.0
280897,2005-01-06,1000.0
280898,2005-01-07,1000.0
280899,2005-01-10,1000.0
280900,2005-01-11,1200.0
280901,2005-01-12,1200.0
280902,2005-01-13,1200.0
280903,2005-01-15,1000.0
280904,2005-01-17,1100.0
280905,2005-01-18,1000.0
280906,2005-01-19,1000.0
280907,2005-01-20,1100.0
280908,2005-01-22,1000.0
280909,2005-01-24,1000.0
280910,2005-01-25,1100.0
280911,2005-01-27,1100.0
280912,2005-01-28,1100.0
280913,2005-01-29,1000.0
280914,2005-01-31,1100.0
280915,2005-02-01,1100.0
280916,2005-02-02,1000.0
280917,2005-02-03,900.0
280918,2005-02-04,1000.0
280919,2005-02-05,1000.0
280920,2005-02-07,1000.0
280921,2005-02-08,1100.0
280922,2005-02-09,1100.0
280923,2005-02-10,1000.0
280924,2005-02-11,1000.0
280925,2005-02-14,1000.0
280926,2005-02-15,900.0
280927,2005-02-16,900.0
280928,2005-02-17,800.0
280929,2005-02-18,1000.0
280930,2005-02-19,900.0
280931,2005-02-21,1000.0
280932,2005-02-22,1000.0
280933,2005-02-23,1000.0
280934,2005-02-24,900.0
280935,2005-02-25,900.0
280936,2005-02-26,1000.0
280937,2005-02-28,800.0
280938,2005-03-01,900.0
280939,2005-03-02,1000.0
280940,2005-03-03,1100.0
280941,2005-03-04,1000.0
280942,2005-03-05,1100.0
280943,2005-03-07,1100.0
280944,2005-03-09,900.0
280945,2005-03-10,950.0
280946,2005-03-11,900.0
280947,2005-03-14,850.0
280948,2005-03-15,900.0
280949,2005-03-16,900.0
280950,2005-03-17,1100.0
280951,2005-03-18,900.0
280952,2005-03-19,950.0
280953,2005-03-21,900.0
280954,2005-03-22,750.0
280955,2005-03-23,800.0
280956,2005-03-24,750.0
280957,2005-03-26,750.0
280958,2005-03-28,750.0
280959,2005-03-29,900.0
280960,2005-03-30,950.0
280961,2005-03-31,850.0
280962,2005-04-01,900.0
280963,2005-04-02,950.0
280964,2005-04-04,850.0
280965,2005-04-05,750.0
280966,2005-04-06,750.0
280967,2005-04-07,750.0
280968,2005-04-08,750.0
280969,2005-04-11,650.0
280970,2005-04-12,700.0
280971,2005-04-13,650.0
280972,2005-04-15,900.0
280973,2005-04-16,800.0
280974,2005-04-18,700.0
280975,2005-04-19,700.0
280976,2005-04-20,700.0
280977,2005-04-21,650.0
280978,2005-04-23,750.0
280979,2005-04-25,600.0
280980,2005-04-26,800.0
280981,2005-04-27,750.0
280982,2005-04-28,900.0
280983,2005-04-29,900.0
280984,2005-04-30,850.0
280985,2005-05-02,850.0
280986,2005-05-03,750.0
280987,2005-05-04,650.0
280988,2005-05-05,800.0
280989,2005-05-06,750.0
280990,2005-05-07,700.0
280991,2005-05-09,800.0
280992,2005-05-10,800.0
280993,2005-05-12,950.0
280994,2005-05-13,900.0
280995,2005-05-16,800.0
280996,2005-05-17,900.0
280997,2005-05-18,800.0
280998,2005-05-19,900.0
280999,2005-05-20,800.0
281000,2005-05-21,900.0
281001,2005-05-23,700.0
281002,2005-05-24,900.0
281003,2005-05-25,800.0
281004,2005-05-26,900.0
281005,2005-05-27,1200.0
281006,2005-05-30,900.0
281007,2005-05-31,900.0
281008,2005-06-01,900.0
281009,2005-06-02,900.0
281010,2005-06-03,900.0
281011,2005-06-04,900.0
281012,2005-06-06,1100.0
281013,2005-06-07,900.0
281014,2005-06-08,1000.0
281015,2005-06-09,900.0
281016,2005-06-10,1000.0
281017,2005-06-13,800.0
281018,2005-06-14,1000.0
281019,2005-06-15,1000.0
281020,2005-06-16,1000.0
281021,2005-06-17,900.0
281022,2005-06-18,900.0
281023,2005-06-20,900.0
281024,2005-06-21,875.0
281025,2005-06-22,900.0
281026,2005-06-23,1100.0
281027,2005-06-24,1000.0
281028,2005-06-25,900.0
281029,2005-06-27,1200.0
281030,2005-06-28,1000.0
281031,2005-06-29,1100.0
281032,2005-06-30,1100.0
281033,2005-07-01,1000.0
281034,2005-07-02,1000.0
281035,2005-07-04,1000.0
281036,2005-07-05,1100.0
281037,2005-07-06,1000.0
281038,2005-07-07,1000.0
281039,2005-07-08,1100.0
281040,2005-07-11,1200.0
281041,2005-07-13,1100.0
281042,2005-07-14,1200.0
281043,2005-07-15,1100.0
281044,2005-07-16,1100.0
281045,2005-07-18,1200.0
281046,2005-07-19,1000.0
281047,2005-07-20,1200.0
281048,2005-07-21,1300.0
281049,2005-07-22,1300.0
281050,2005-07-23,1300.0
281051,2005-07-25,1300.0
281052,2005-07-26,1200.0
281053,2005-07-27,1200.0
281054,2005-07-28,1350.0
281055,2005-07-29,1300.0
281056,2005-07-30,1200.0
281057,2005-08-01,1350.0
281058,2005-08-02,1200.0
281059,2005-08-03,1300.0
281060,2005-08-04,1300.0
281061,2005-08-05,1300.0
281062,2005-08-06,1300.0
281063,2005-08-08,1350.0
281064,2005-08-09,1300.0
281065,2005-08-10,1400.0
281066,2005-08-11,1500.0
281067,2005-08-12,1500.0
281068,2005-08-16,1650.0
281069,2005-08-17,1600.0
281070,2005-08-18,1600.0
281071,2005-08-19,1500.0
281072,2005-08-20,1400.0
281073,2005-08-22,1700.0
281074,2005-08-23,1500.0
281075,2005-08-24,1600.0
281076,2005-08-25,1600.0
281077,2005-08-26,2000.0
281078,2005-08-27,1600.0
281079,2005-08-29,1600.0
281080,2005-08-30,1600.0
281081,2005-08-31,1600.0
281082,2005-09-01,1700.0
281083,2005-09-02,1700.0
281084,2005-09-03,1700.0
281085,2005-09-05,1600.0
281086,2005-09-06,1700.0
281087,2005-09-08,1750.0
281088,2005-09-09,1800.0
281089,2005-09-13,1700.0
281090,2005-09-14,1600.0
281091,2005-09-15,1400.0
281092,2005-09-16,1500.0
281093,2005-09-17,1400.0
281094,2005-09-19,1700.0
281095,2005-09-20,1600.0
281096,2005-09-21,1700.0
281097,2005-09-22,1500.0
281098,2005-09-23,1700.0
281099,2005-09-24,1600.0
281100,2005-09-26,1500.0
281101,2005-09-28,1500.0
281102,2005-09-29,1400.0
281103,2005-09-30,1300.0
281104,2005-10-01,1600.0
281105,2005-10-04,1500.0
281106,2005-10-05,1400.0
281107,2005-10-06,1500.0
281108,2005-10-07,1500.0
281109,2005-10-10,1500.0
281110,2005-10-11,1700.0
281111,2005-10-14,1700.0
281112,2005-10-15,1400.0
281113,2005-10-17,1400.0
281114,2005-10-18,1500.0
281115,2005-10-19,1700.0
281116,2005-10-20,1600.0
281117,2005-10-21,1600.0
281118,2005-10-22,1600.0
281119,2005-10-24,1600.0
281120,2005-10-25,1450.0
281121,2005-10-26,1500.0
281122,2005-10-27,1500.0
281123,2005-11-17,1200.0
281124,2005-11-18,1200.0
281125,2005-11-22,1400.0
281126,2005-11-23,1200.0
281127,2005-11-24,1100.0
281128,2005-11-25,1200.0
281129,2005-11-26,1250.0
281130,2005-11-28,1100.0
281131,2005-11-30,1100.0
281132,2005-12-01,1200.0
677093,2006-01-03,1100.0
677094,2006-01-04,1000.0
677095,2006-01-05,1000.0
677096,2006-01-06,1100.0
677097,2006-01-07,1100.0
677098,2006-01-09,1000.0
677099,2006-01-10,1000.0
677100,2006-01-12,1000.0
677101,2006-01-13,1000.0
677102,2006-01-16,1000.0
677103,2006-01-17,1100.0
677104,2006-01-18,1100.0
677105,2006-01-19,1200.0
677106,2006-01-20,1000.0
677107,2006-01-21,1100.0
677108,2006-01-23,1100.0
677109,2006-01-24,1200.0
677110,2006-01-25,1000.0
677111,2006-01-27,1000.0
677112,2006-01-28,1000.0
677113,2006-01-30,1100.0
677114,2006-01-31,1000.0
677115,2006-02-01,1100.0
677116,2006-02-02,1300.0
677117,2006-02-03,1100.0
677118,2006-02-04,1000.0
677119,2006-02-06,1000.0
677671,2006-02-07,600.0
677120,2006-02-08,1100.0
677121,2006-02-10,1100.0
677122,2006-02-13,1000.0
677123,2006-02-14,1200.0
677124,2006-02-15,1100.0
677125,2006-02-16,1100.0
677126,2006-02-18,1000.0
677127,2006-02-20,1100.0
677128,2006-02-21,900.0
677129,2006-02-22,900.0
677130,2006-02-23,1000.0
677131,2006-02-24,900.0
677132,2006-02-25,1000.0
677133,2006-02-27,1000.0
677134,2006-02-28,900.0
677135,2006-03-01,1000.0
677136,2006-03-02,900.0
677137,2006-03-03,900.0
677138,2006-03-04,1000.0
677139,2006-03-06,1000.0
677140,2006-03-07,900.0
677141,2006-03-08,900.0
677142,2006-03-09,900.0
677143,2006-03-10,900.0
677144,2006-03-13,1000.0
677145,2006-03-14,1000.0
677146,2006-03-15,1000.0
677147,2006-03-16,1000.0
677148,2006-03-17,1000.0
677149,2006-03-18,1000.0
677150,2006-03-20,1000.0
677151,2006-03-21,1000.0
677152,2006-03-22,900.0
677153,2006-03-23,1000.0
677154,2006-03-24,1000.0
677155,2006-03-25,1000.0
677156,2006-03-27,900.0
677157,2006-03-28,1100.0
677158,2006-03-29,1100.0
677343,2006-03-31,300.0
677159,2006-04-01,1000.0
677160,2006-04-03,900.0
677161,2006-04-04,1000.0
677162,2006-04-05,900.0
677163,2006-04-06,1000.0
677164,2006-04-07,1000.0
677165,2006-04-10,1000.0
677166,2006-04-12,900.0
677167,2006-04-15,900.0
677168,2006-04-17,800.0
677169,2006-04-18,850.0
677170,2006-04-19,800.0
677171,2006-04-22,900.0
677172,2006-04-24,800.0
677173,2006-04-25,700.0
677174,2006-04-26,800.0
677175,2006-04-27,900.0
677176,2006-04-28,900.0
677177,2006-05-02,800.0
677178,2006-05-03,900.0
677179,2006-05-04,800.0
677180,2006-05-05,700.0
677181,2006-05-06,800.0
677182,2006-05-08,900.0
677183,2006-05-10,800.0
677184,2006-05-11,800.0
677185,2006-05-12,900.0
677186,2006-05-15,800.0
677187,2006-05-16,850.0
677188,2006-05-17,900.0
677189,2006-05-18,900.0
677190,2006-05-19,900.0
677191,2006-05-20,900.0
677192,2006-05-22,900.0
677193,2006-05-23,800.0
677194,2006-05-24,1000.0
677195,2006-05-25,900.0
677196,2006-05-26,1000.0
677197,2006-05-27,900.0
677198,2006-05-29,900.0
677199,2006-05-30,1300.0
677200,2006-05-31,1000.0
677201,2006-06-01,1100.0
677202,2006-06-02,1100.0
677203,2006-06-03,1100.0
677204,2006-06-05,1100.0
677205,2006-06-06,1100.0
677206,2006-06-07,1300.0
677207,2006-06-08,1100.0
677208,2006-06-09,1000.0
677209,2006-06-12,1200.0
677210,2006-06-13,1200.0
677211,2006-06-14,1100.0
677212,2006-06-15,1200.0
677213,2006-06-16,1300.0
677214,2006-06-17,1400.0
677215,2006-06-19,1400.0
677216,2006-06-20,1500.0
677217,2006-06-21,1500.0
677770,2006-06-22,800.0
677218,2006-06-23,1400.0
677219,2006-06-24,1100.0
677220,2006-06-26,1300.0
677221,2006-06-27,1300.0
677222,2006-06-28,1300.0
677223,2006-06-29,1200.0
677224,2006-06-30,1200.0
677225,2006-07-01,1200.0
677226,2006-07-03,1200.0
677227,2006-07-04,1200.0
677228,2006-07-05,1200.0
677229,2006-07-06,1400.0
677230,2006-07-07,800.0
677231,2006-07-10,1300.0
677232,2006-07-11,1300.0
677233,2006-07-12,1300.0
677234,2006-07-13,1300.0
677235,2006-07-14,1300.0
677236,2006-07-15,1500.0
677237,2006-07-17,1300.0
677238,2006-07-18,1300.0
677239,2006-07-19,1300.0
677240,2006-07-20,1500.0
677241,2006-07-21,1300.0
677242,2006-07-22,700.0
677243,2006-07-24,1500.0
677244,2006-07-25,1800.0
677245,2006-07-26,1800.0
677246,2006-07-28,1600.0
677247,2006-07-29,1600.0
677248,2006-07-31,1600.0
677249,2006-08-01,1400.0
677250,2006-08-02,1500.0
677580,2006-08-03,1300.0
677418,2006-08-04,500.0
677806,2006-08-05,750.0
677419,2006-08-07,400.0
677808,2006-08-08,650.0
677420,2006-08-09,400.0
677251,2006-08-10,1500.0
677422,2006-08-11,450.0
677423,2006-08-14,500.0
677424,2006-08-16,500.0
677425,2006-08-17,500.0
677426,2006-08-18,500.0
677586,2006-08-19,1200.0
677817,2006-08-21,700.0
677427,2006-08-22,500.0
677428,2006-08-23,550.0
677429,2006-08-24,700.0
677430,2006-08-25,500.0
677591,2006-08-26,1200.0
677431,2006-08-28,500.0
677432,2006-08-29,450.0
677252,2006-08-30,1700.0
677434,2006-08-31,500.0
677435,2006-09-01,550.0
677436,2006-09-02,550.0
677437,2006-09-04,500.0
677829,2006-09-05,650.0
677438,2006-09-06,550.0
677439,2006-09-07,550.0
677440,2006-09-08,450.0
677441,2006-09-11,500.0
677600,2006-09-12,1300.0
677601,2006-09-13,1200.0
677442,2006-09-14,450.0
677443,2006-09-15,450.0
677444,2006-09-16,450.0
677445,2006-09-18,500.0
677605,2006-09-20,1400.0
677253,2006-09-22,1600.0
677447,2006-09-23,450.0
677448,2006-09-25,450.0
677449,2006-09-26,450.0
677450,2006-09-27,450.0
677451,2006-09-28,500.0
677452,2006-09-29,500.0
677254,2006-09-30,1800.0
677255,2006-10-03,1700.0
677454,2006-10-05,450.0
677455,2006-10-07,500.0
677456,2006-10-09,500.0
677457,2006-10-10,450.0
677458,2006-10-11,450.0
677459,2006-10-12,450.0
677616,2006-10-13,1200.0
677617,2006-10-17,1200.0
677460,2006-10-18,550.0
677461,2006-10-19,550.0
677256,2006-10-21,1500.0
677257,2006-10-25,1600.0
677258,2006-10-26,1500.0
677464,2006-10-27,450.0
677259,2006-10-28,1400.0
677260,2006-10-30,1500.0
677261,2006-10-31,1400.0
677262,2006-11-02,1500.0
677263,2006-11-03,1400.0
677264,2006-11-04,1400.0
677265,2006-11-06,1300.0
677266,2006-11-07,1200.0
677267,2006-11-08,1300.0
677268,2006-11-09,1200.0
677269,2006-11-10,1100.0
677270,2006-11-13,1400.0
677271,2006-11-14,1300.0
677272,2006-11-15,1300.0
677273,2006-11-16,1200.0
677274,2006-11-17,1200.0
677275,2006-11-18,1100.0
677276,2006-11-20,1100.0
677277,2006-11-21,1300.0
677278,2006-11-22,1200.0
677279,2006-11-23,1300.0
677280,2006-11-24,1200.0
677281,2006-11-25,1300.0
677282,2006-11-28,1200.0
374642,2007-01-02,1200.0
374643,2007-01-03,1000.0
374644,2007-01-04,1000.0
374645,2007-01-06,1100.0
374646,2007-01-08,1200.0
374647,2007-01-09,1100.0
374648,2007-01-10,1200.0
374649,2007-01-11,1300.0
374650,2007-01-12,1400.0
374651,2007-01-16,1300.0
374652,2007-01-17,1300.0
374653,2007-01-18,1300.0
374654,2007-01-19,1250.0
374655,2007-01-20,1200.0
374656,2007-01-22,1400.0
374657,2007-01-23,1400.0
374658,2007-01-24,1600.0
374659,2007-01-25,1400.0
374660,2007-01-27,1300.0
374661,2007-01-29,1400.0
374662,2007-02-13,1400.0
374663,2007-02-14,1400.0
374664,2007-02-15,1300.0
374665,2007-02-17,1400.0
374666,2007-02-19,1300.0
374667,2007-02-20,1200.0
374668,2007-02-21,1200.0
374669,2007-02-22,1300.0
374670,2007-02-23,1300.0
374671,2007-02-24,1300.0
374672,2007-02-26,1200.0
374673,2007-02-27,1300.0
374674,2007-02-28,1300.0
374675,2007-03-01,1200.0
374676,2007-03-02,1300.0
374677,2007-03-03,1300.0
374678,2007-03-05,1300.0
374679,2007-03-06,1300.0
374680,2007-03-07,1200.0
374681,2007-03-08,1200.0
374682,2007-03-09,1100.0
374683,2007-03-12,1300.0
374684,2007-03-13,1300.0
374685,2007-03-14,1250.0
374686,2007-03-15,1300.0
374687,2007-03-16,650.0
374688,2007-03-17,1000.0
374689,2007-03-20,1000.0
374690,2007-03-21,1100.0
374691,2007-03-22,1100.0
374692,2007-03-23,1000.0
374693,2007-03-24,1000.0
374694,2007-03-26,1200.0
374695,2007-03-28,1100.0
374696,2007-03-29,1100.0
374697,2007-04-02,1000.0
374698,2007-04-03,1100.0
374699,2007-04-04,1200.0
374700,2007-04-05,1000.0
374701,2007-04-07,1000.0
374871,2007-04-09,450.0
374702,2007-04-10,1200.0
374703,2007-04-11,1300.0
374874,2007-04-12,450.0
374704,2007-04-13,1200.0
374705,2007-04-16,1000.0
374706,2007-04-17,1000.0
374707,2007-04-18,950.0
374708,2007-04-19,900.0
374709,2007-04-21,900.0
374710,2007-04-23,1000.0
374711,2007-04-24,1200.0
374712,2007-04-25,1200.0
374713,2007-04-26,1100.0
374714,2007-04-27,1200.0
374715,2007-04-28,1100.0
374716,2007-04-30,1000.0
374717,2007-05-02,1000.0
374718,2007-05-03,1100.0
374719,2007-05-04,1000.0
374720,2007-05-05,1000.0
374721,2007-05-09,1200.0
374722,2007-05-10,1200.0
374723,2007-05-11,1200.0
374724,2007-05-14,1100.0
374725,2007-05-15,1100.0
374726,2007-05-16,1200.0
374727,2007-05-17,1100.0
374728,2007-05-18,1100.0
374729,2007-05-22,1300.0
374730,2007-05-23,1200.0
374731,2007-05-24,1300.0
374732,2007-05-25,1300.0
374733,2007-05-26,1350.0
374734,2007-05-28,1300.0
374735,2007-05-29,1300.0
374736,2007-05-30,1200.0
374737,2007-06-01,1200.0
374738,2007-06-02,1300.0
374739,2007-06-04,1400.0
374740,2007-06-05,1400.0
374741,2007-06-06,1400.0
374742,2007-06-07,1400.0
374743,2007-06-08,1300.0
374744,2007-06-11,1300.0
374745,2007-06-12,1400.0
374746,2007-06-13,1300.0
374747,2007-06-14,1400.0
374748,2007-06-15,1400.0
374749,2007-06-16,1400.0
374750,2007-06-18,1400.0
374751,2007-06-19,1500.0
374752,2007-06-20,1400.0
374753,2007-06-21,1400.0
374754,2007-06-22,1500.0
374755,2007-06-23,1400.0
374756,2007-06-25,1400.0
374757,2007-06-26,1500.0
374758,2007-06-27,1400.0
374759,2007-06-28,1500.0
374760,2007-06-29,1400.0
374761,2007-06-30,1400.0
374762,2007-07-02,1400.0
374763,2007-07-03,1400.0
374764,2007-07-04,1400.0
374765,2007-07-05,1400.0
374766,2007-07-06,1400.0
374767,2007-07-07,1400.0
374768,2007-07-10,1400.0
374769,2007-07-11,1400.0
374770,2007-07-12,1400.0
374771,2007-07-13,1400.0
374772,2007-07-16,1400.0
374773,2007-07-17,1400.0
375280,2007-07-18,700.0
375083,2007-07-19,1200.0
375084,2007-07-20,1300.0
374774,2007-07-23,1500.0
375284,2007-07-24,700.0
375285,2007-07-25,700.0
375086,2007-07-26,1400.0
375087,2007-07-27,1300.0
374775,2007-07-28,1600.0
375089,2007-07-30,1400.0
375290,2007-07-31,700.0
374931,2007-08-01,450.0
375291,2007-08-02,700.0
374932,2007-08-06,500.0
374933,2007-08-07,450.0
374934,2007-08-12,450.0
374935,2007-08-13,450.0
375093,2007-08-14,1300.0
374936,2007-08-16,450.0
375095,2007-08-17,1200.0
375299,2007-08-18,700.0
374937,2007-08-20,500.0
374938,2007-08-21,550.0
374939,2007-08-22,550.0
375098,2007-08-23,1300.0
374940,2007-08-24,500.0
375305,2007-08-25,650.0
375306,2007-08-27,650.0
374941,2007-08-28,450.0
375308,2007-08-29,600.0
374942,2007-08-30,450.0
374943,2007-08-31,450.0
375311,2007-09-01,700.0
374944,2007-09-03,450.0
374945,2007-09-04,450.0
374946,2007-09-05,450.0
374947,2007-09-07,450.0
374948,2007-09-11,450.0
374949,2007-09-12,500.0
374950,2007-09-13,450.0
374951,2007-09-14,450.0
374952,2007-09-17,450.0
374953,2007-09-18,450.0
374954,2007-09-19,450.0
374955,2007-09-20,450.0
374956,2007-09-21,450.0
375113,2007-09-22,1300.0
374957,2007-09-24,450.0
374958,2007-09-25,450.0
374959,2007-09-26,450.0
374776,2007-09-27,1800.0
374777,2007-09-28,1800.0
375331,2007-09-29,700.0
374962,2007-10-01,450.0
374963,2007-10-03,450.0
374778,2007-10-04,1900.0
374779,2007-10-05,1800.0
374780,2007-10-06,1800.0
374967,2007-10-08,450.0
374781,2007-10-12,1800.0
374782,2007-10-15,1800.0
374783,2007-10-16,1700.0
374784,2007-10-17,1700.0
374785,2007-10-18,1600.0
374786,2007-10-19,1700.0
374787,2007-10-23,1400.0
374788,2007-10-26,1400.0
374789,2007-10-27,1300.0
374790,2007-10-29,1400.0
374791,2007-10-30,1500.0
374792,2007-10-31,1400.0
374793,2007-11-03,1400.0
374794,2007-11-05,1500.0
374795,2007-11-06,1400.0
374796,2007-11-07,1500.0
374797,2007-11-12,1400.0
374798,2007-11-13,1400.0
374799,2007-11-14,1300.0
374800,2007-11-15,1500.0
374801,2007-11-16,1600.0
374802,2007-11-17,1400.0
374803,2007-11-19,1450.0
374804,2007-11-20,1500.0
374805,2007-11-21,1400.0
374806,2007-11-22,1500.0
374807,2007-11-23,1550.0
374808,2007-11-24,1450.0
374809,2007-11-26,1600.0
374810,2007-11-27,1500.0
374811,2007-11-28,1600.0
374812,2007-11-29,1400.0
374813,2007-11-30,1500.0
374814,2007-12-01,1400.0
465526,2008-01-05,1300.0
465527,2008-01-07,1400.0
465528,2008-01-08,1300.0
465529,2008-01-09,1100.0
465530,2008-01-10,1350.0
465531,2008-01-11,1300.0
465532,2008-01-14,1450.0
465533,2008-01-16,1400.0
465534,2008-01-17,1450.0
465535,2008-01-18,1300.0
465536,2008-01-21,1300.0
465537,2008-01-22,1400.0
465538,2008-01-23,1400.0
465539,2008-01-24,1300.0
465540,2008-01-25,1350.0
465541,2008-01-28,1550.0
465542,2008-01-29,1450.0
465543,2008-01-30,1400.0
465544,2008-01-31,1350.0
465545,2008-02-01,1450.0
465546,2008-02-02,1400.0
465547,2008-02-04,1400.0
465548,2008-02-05,1350.0
465549,2008-02-06,1400.0
465550,2008-02-07,1400.0
465551,2008-02-08,1450.0
465552,2008-02-11,1400.0
465553,2008-02-12,1450.0
465554,2008-02-13,1300.0
465555,2008-02-14,1250.0
465556,2008-02-15,1300.0
465557,2008-02-16,1250.0
465558,2008-02-18,1300.0
465559,2008-02-19,1400.0
465560,2008-02-20,1300.0
465561,2008-02-21,1300.0
465562,2008-02-22,1350.0
465563,2008-02-23,1200.0
465564,2008-02-25,1350.0
465565,2008-02-26,1350.0
465566,2008-02-27,1300.0
465567,2008-02-28,600.0
465568,2008-02-29,1300.0
465569,2008-03-01,1200.0
465570,2008-03-03,1300.0
465571,2008-03-04,1200.0
465572,2008-03-06,1100.0
465573,2008-03-07,1000.0
465574,2008-03-10,1100.0
465575,2008-03-11,1100.0
465576,2008-03-12,1100.0
465577,2008-03-13,1150.0
465578,2008-03-14,1100.0
465579,2008-03-15,1150.0
465580,2008-03-17,1100.0
465581,2008-03-18,1150.0
465582,2008-03-19,1100.0
465583,2008-03-20,1100.0
465584,2008-03-24,1150.0
465585,2008-03-25,1100.0
465586,2008-03-26,1150.0
465587,2008-03-27,1100.0
465588,2008-03-28,1150.0
465589,2008-03-29,1100.0
465590,2008-03-31,1150.0
465591,2008-04-01,1050.0
465592,2008-04-02,1150.0
465593,2008-04-03,1100.0
465594,2008-04-04,1000.0
465595,2008-04-05,1050.0
465596,2008-04-08,1100.0
465597,2008-04-10,1100.0
465598,2008-04-11,1100.0
465599,2008-04-15,1100.0
465600,2008-04-16,1150.0
465601,2008-04-17,1000.0
465602,2008-04-19,1100.0
465603,2008-04-22,1050.0
465604,2008-04-23,1100.0
465605,2008-04-24,1150.0
465606,2008-04-25,1200.0
465607,2008-04-26,1050.0
465608,2008-04-28,1100.0
465609,2008-04-29,1050.0
465610,2008-04-30,1100.0
465611,2008-05-02,1100.0
465612,2008-05-03,1000.0
465613,2008-05-05,1100.0
465614,2008-05-06,1100.0
465615,2008-05-07,1100.0
465616,2008-05-09,1100.0
465617,2008-05-12,1200.0
465618,2008-05-13,1000.0
465619,2008-05-14,1200.0
465620,2008-05-15,1200.0
465621,2008-05-16,1200.0
465622,2008-05-17,1200.0
465623,2008-05-19,1200.0
465624,2008-05-20,1200.0
465625,2008-05-21,1200.0
465626,2008-05-22,1200.0
465627,2008-05-23,1200.0
465628,2008-05-24,1200.0
465629,2008-05-26,1200.0
465630,2008-05-27,1300.0
465631,2008-05-28,1200.0
465632,2008-05-29,1200.0
465633,2008-05-30,1300.0
465634,2008-05-31,1200.0
465635,2008-06-02,1250.0
465636,2008-06-03,1300.0
465637,2008-06-04,1300.0
465638,2008-06-05,1300.0
465639,2008-06-06,1400.0
465640,2008-06-07,1300.0
465641,2008-06-09,1300.0
465642,2008-06-10,1300.0
465643,2008-06-11,1400.0
465644,2008-06-12,1300.0
465645,2008-06-13,1400.0
465646,2008-06-16,1400.0
465647,2008-06-17,1400.0
465648,2008-06-18,1400.0
465649,2008-06-19,1300.0
465650,2008-06-20,1400.0
465651,2008-06-21,1500.0
465652,2008-06-23,1400.0
465653,2008-06-24,1350.0
465654,2008-06-25,1400.0
465655,2008-06-26,1400.0
465656,2008-06-27,1500.0
465657,2008-06-28,1450.0
465658,2008-06-30,1600.0
465659,2008-07-01,1600.0
465660,2008-07-02,1600.0
465661,2008-07-03,1600.0
466003,2008-07-04,1300.0
465823,2008-07-05,450.0
466005,2008-07-07,1400.0
466006,2008-07-08,1500.0
465824,2008-07-09,500.0
465825,2008-07-10,500.0
465826,2008-07-11,450.0
465827,2008-07-14,450.0
466010,2008-07-15,1400.0
465828,2008-07-16,500.0
466011,2008-07-17,1200.0
465829,2008-07-18,500.0
465830,2008-07-19,550.0
466013,2008-07-21,1300.0
465831,2008-07-22,450.0
465832,2008-07-23,1600.0
465833,2008-07-24,450.0
465834,2008-07-25,500.0
466230,2008-07-26,700.0
465835,2008-07-28,500.0
466016,2008-07-29,1100.0
465836,2008-07-30,500.0
465837,2008-07-31,500.0
465838,2008-08-01,700.0
466020,2008-08-02,1100.0
465839,2008-08-04,500.0
465840,2008-08-05,500.0
465841,2008-08-06,450.0
465842,2008-08-07,450.0
465843,2008-08-08,450.0
465844,2008-08-11,450.0
465845,2008-08-12,450.0
465662,2008-08-13,1800.0
465847,2008-08-14,450.0
465848,2008-08-16,450.0
466027,2008-08-18,1200.0
465849,2008-08-19,450.0
466028,2008-08-20,1200.0
465850,2008-08-21,450.0
465851,2008-08-22,450.0
465852,2008-08-25,450.0
465663,2008-08-26,1750.0
465664,2008-08-27,1700.0
466255,2008-08-28,600.0
465854,2008-08-29,450.0
465855,2008-08-30,450.0
465856,2008-09-01,450.0
466035,2008-09-02,1200.0
465857,2008-09-04,450.0
466037,2008-09-05,1200.0
465858,2008-09-06,450.0
465859,2008-09-08,450.0
465860,2008-09-09,450.0
465861,2008-09-10,450.0
465665,2008-09-11,1750.0
465863,2008-09-12,450.0
465864,2008-09-15,450.0
465865,2008-09-16,450.0
465866,2008-09-24,420.0
465867,2008-09-25,420.0
465868,2008-09-26,450.0
465869,2008-09-27,430.0
465666,2008-09-30,1600.0
465667,2008-10-01,1600.0
465668,2008-10-03,1650.0
465669,2008-10-04,1500.0
465670,2008-10-06,1650.0
465671,2008-10-07,1550.0
465672,2008-10-10,1600.0
465673,2008-10-13,1300.0
465674,2008-10-14,1600.0
465675,2008-10-15,1500.0
465676,2008-10-16,1600.0
465677,2008-10-17,1500.0
465678,2008-10-18,1500.0
465679,2008-10-20,1450.0
465680,2008-10-21,1400.0
465681,2008-10-22,1500.0
465682,2008-10-23,1650.0
465683,2008-10-24,1500.0
465684,2008-10-25,1400.0
465685,2008-10-28,1500.0
465686,2008-10-30,1500.0
465687,2008-10-31,1400.0
465688,2008-11-03,1450.0
465689,2008-11-04,1400.0
465690,2008-11-05,1450.0
465691,2008-11-06,1500.0
465692,2008-11-07,1150.0
465693,2008-11-10,1450.0
465694,2008-11-11,1450.0
465695,2008-11-12,1400.0
465696,2008-11-13,1400.0
465697,2008-11-14,1550.0
465698,2008-11-17,1650.0
465699,2008-11-18,1500.0
465700,2008-11-19,1550.0
465898,2008-11-20,380.0
465701,2008-11-21,1650.0
465702,2008-11-22,1600.0
465703,2008-11-24,1400.0
465704,2008-11-26,1500.0
465705,2008-11-27,1550.0
465706,2008-11-29,1550.0
465707,2008-12-01,1550.0
249491,2009-01-09,1550.0
249492,2009-01-12,1550.0
249493,2009-01-13,1600.0
249494,2009-01-15,1450.0
249495,2009-01-16,1450.0
249496,2009-01-17,1400.0
249497,2009-01-19,1500.0
249498,2009-01-20,1450.0
249499,2009-01-21,1450.0
249500,2009-01-22,1450.0
249501,2009-01-23,1450.0
249502,2009-01-24,1400.0
249503,2009-01-27,1200.0
249504,2009-01-28,1450.0
249505,2009-01-29,1450.0
249506,2009-01-30,1350.0
249507,2009-01-31,1400.0
249508,2009-02-02,1350.0
249509,2009-02-03,1400.0
249510,2009-02-04,1250.0
249511,2009-02-05,1300.0
249512,2009-02-06,1400.0
249513,2009-02-07,1300.0
249514,2009-02-09,1350.0
249515,2009-02-10,1300.0
249516,2009-02-11,1300.0
249517,2009-02-12,1200.0
249518,2009-02-13,1150.0
249519,2009-02-16,1300.0
249520,2009-02-17,1300.0
249521,2009-02-18,1300.0
249522,2009-02-19,1300.0
249523,2009-02-20,1200.0
249524,2009-02-21,1300.0
249525,2009-02-24,1250.0
249526,2009-02-25,1200.0
249527,2009-02-26,1200.0
249528,2009-02-27,1200.0
249529,2009-02-28,1200.0
249530,2009-03-02,1200.0
249531,2009-03-03,1200.0
249532,2009-03-04,1250.0
249533,2009-03-05,1300.0
249534,2009-03-06,1200.0
249535,2009-03-07,1100.0
249536,2009-03-11,1150.0
249537,2009-03-12,1200.0
249538,2009-03-13,1200.0
249539,2009-03-16,1200.0
249540,2009-03-17,1100.0
249541,2009-03-18,1200.0
249542,2009-03-19,1200.0
249543,2009-03-20,1100.0
249544,2009-03-21,1150.0
249545,2009-03-23,1100.0
249546,2009-03-24,1000.0
249547,2009-03-25,1200.0
249548,2009-03-26,1200.0
249549,2009-03-28,1200.0
249550,2009-03-30,1200.0
249551,2009-03-31,1200.0
249552,2009-04-01,1100.0
249553,2009-04-02,1200.0
249554,2009-04-03,1200.0
249555,2009-04-04,1200.0
249556,2009-04-06,1200.0
249557,2009-04-08,1200.0
249558,2009-04-13,1200.0
249559,2009-04-15,1200.0
249560,2009-04-16,1200.0
249561,2009-04-17,1200.0
249562,2009-04-18,1200.0
249563,2009-04-20,1200.0
249564,2009-04-21,1200.0
249565,2009-04-22,1300.0
249566,2009-04-24,1200.0
249567,2009-04-25,1200.0
249568,2009-04-28,1200.0
249569,2009-04-29,1200.0
249570,2009-04-30,1200.0
249571,2009-05-02,1200.0
249572,2009-05-04,1200.0
249573,2009-05-05,1250.0
249574,2009-05-06,1200.0
249575,2009-05-07,1250.0
249576,2009-05-08,1250.0
249577,2009-05-18,1300.0
249578,2009-05-20,1400.0
249579,2009-05-21,1300.0
249580,2009-05-22,1250.0
249581,2009-05-23,1200.0
249582,2009-05-25,1300.0
249583,2009-05-26,1500.0
249584,2009-05-27,1500.0
249585,2009-05-28,1500.0
249586,2009-05-29,1500.0
249587,2009-05-30,1500.0
249588,2009-06-01,1600.0
249589,2009-06-02,1600.0
249590,2009-06-03,1600.0
249591,2009-06-04,1700.0
249592,2009-06-05,1700.0
249593,2009-06-06,1650.0
249594,2009-06-08,1600.0
249595,2009-06-09,1400.0
249596,2009-06-10,1700.0
249722,2009-06-11,450.0
249723,2009-06-15,450.0
249849,2009-06-16,1300.0
249999,2009-06-17,650.0
249724,2009-06-18,450.0
249850,2009-06-19,1200.0
249725,2009-06-20,450.0
249726,2009-06-22,450.0
249727,2009-06-23,450.0
250005,2009-06-24,650.0
249852,2009-06-25,1200.0
250007,2009-06-26,700.0
249853,2009-06-27,1300.0
249854,2009-06-29,1200.0
249855,2009-06-30,1300.0
249728,2009-07-01,450.0
249856,2009-07-02,1400.0
249857,2009-07-03,1400.0
249858,2009-07-04,1300.0
249859,2009-07-06,1200.0
249729,2009-07-07,450.0
249730,2009-07-08,450.0
249731,2009-07-09,450.0
250019,2009-07-10,700.0
249861,2009-07-13,1300.0
250021,2009-07-14,700.0
249732,2009-07-15,450.0
249862,2009-07-16,1300.0
250024,2009-07-17,650.0
249733,2009-07-18,450.0
249864,2009-07-20,1300.0
249734,2009-07-21,450.0
249735,2009-07-22,450.0
249736,2009-07-23,450.0
249737,2009-07-24,450.0
249738,2009-07-25,450.0
249739,2009-07-27,450.0
249740,2009-07-28,450.0
249741,2009-07-29,500.0
249742,2009-07-30,500.0
249743,2009-08-03,450.0
249744,2009-08-04,450.0
249745,2009-08-05,650.0
249597,2009-08-06,2700.0
249598,2009-10-01,2300.0
249599,2009-10-03,2200.0
249600,2009-10-05,2400.0
249601,2009-10-06,2200.0
249602,2009-10-07,2400.0
249603,2009-10-08,1400.0
249604,2009-10-09,2500.0
249605,2009-10-12,2400.0
249606,2009-10-13,2200.0
249607,2009-10-14,700.0
249608,2009-10-15,2200.0
249609,2009-10-16,2300.0
249610,2009-10-20,2200.0
249611,2009-10-21,2100.0
249612,2009-10-22,2100.0
249613,2009-10-23,2100.0
249614,2009-10-24,2100.0
249615,2009-10-26,2100.0
249616,2009-10-27,2300.0
249617,2009-10-28,2100.0
249618,2009-10-29,2200.0
249619,2009-10-30,2200.0
249620,2009-10-31,2100.0
249621,2009-11-02,2100.0
249622,2009-11-03,2200.0
249623,2009-11-04,2200.0
249624,2009-11-06,2200.0
249625,2009-11-07,2100.0
249626,2009-11-09,2300.0
249627,2009-11-10,2200.0
249628,2009-11-11,2100.0
249629,2009-11-12,2100.0
249630,2009-11-13,2200.0
249631,2009-11-16,1800.0
249632,2009-11-18,2200.0
249633,2009-11-19,2200.0
249634,2009-11-20,2100.0
249635,2009-11-21,2100.0
249636,2009-11-23,2200.0
249637,2009-11-24,2200.0
249638,2009-11-25,1200.0
249639,2009-11-26,2100.0
249640,2009-11-27,2200.0
249641,2009-11-30,2000.0
249642,2009-12-01,2100.0
415810,2010-01-01,1600.0
415811,2010-01-02,1500.0
415812,2010-01-04,1700.0
415813,2010-01-05,1650.0
415814,2010-01-06,700.0
415815,2010-01-07,1600.0
415816,2010-01-08,1700.0
415817,2010-01-11,1600.0
415818,2010-01-12,1500.0
415819,2010-01-15,1500.0
415820,2010-01-16,1600.0
415821,2010-01-18,1700.0
415822,2010-01-19,1600.0
415823,2010-01-20,1600.0
415824,2010-01-21,1600.0
415825,2010-01-22,1600.0
415826,2010-01-23,1500.0
415827,2010-01-25,1400.0
415828,2010-01-27,1700.0
415829,2010-01-28,1500.0
415830,2010-01-29,1500.0
415831,2010-01-30,1600.0
415832,2010-02-01,1600.0
415833,2010-02-02,1500.0
415834,2010-02-03,1500.0
415835,2010-02-04,1500.0
415837,2010-02-05,1400.0
415839,2010-02-06,1500.0
415840,2010-02-08,1600.0
415841,2010-02-09,1500.0
415842,2010-02-10,1500.0
415843,2010-02-11,1500.0
415844,2010-02-15,1500.0
415845,2010-02-16,1600.0
415846,2010-02-17,1400.0
415847,2010-02-18,1600.0
415848,2010-02-19,1400.0
415849,2010-02-20,1400.0
415850,2010-02-22,1500.0
415851,2010-02-23,1400.0
415852,2010-03-02,1400.0
415853,2010-03-03,1400.0
415854,2010-03-04,1500.0
415855,2010-03-05,1400.0
415856,2010-03-06,1350.0
415857,2010-03-08,1300.0
415858,2010-03-09,1300.0
415859,2010-03-10,1350.0
415860,2010-03-11,1400.0
415861,2010-03-12,1300.0
415862,2010-03-15,1200.0
415863,2010-03-17,1200.0
415864,2010-03-18,1100.0
415865,2010-03-19,1100.0
415866,2010-03-20,1300.0
415867,2010-03-22,1200.0
415868,2010-03-23,1300.0
415869,2010-03-24,1300.0
415870,2010-03-25,1200.0
415871,2010-03-26,1200.0
415872,2010-03-27,1200.0
415873,2010-03-29,1300.0
415874,2010-03-31,1200.0
415875,2010-04-01,1200.0
415876,2010-04-03,1200.0
415877,2010-04-05,1200.0
415878,2010-04-06,1200.0
415879,2010-04-07,1100.0
415880,2010-04-08,1100.0
415881,2010-04-09,1200.0
415882,2010-04-12,1300.0
415883,2010-04-13,1400.0
415884,2010-04-15,1150.0
415885,2010-04-16,1300.0
415886,2010-04-17,1300.0
415887,2010-04-19,1200.0
415888,2010-04-20,1350.0
415889,2010-04-21,1400.0
415890,2010-04-22,1300.0
415891,2010-04-23,1300.0
415892,2010-04-24,1400.0
415893,2010-04-26,1300.0
415894,2010-04-27,1300.0
415895,2010-04-28,1500.0
415896,2010-04-29,1300.0
415897,2010-04-30,1300.0
415898,2010-05-03,1500.0
415899,2010-05-04,1500.0
415900,2010-05-05,1400.0
415901,2010-05-06,1500.0
415902,2010-05-07,1600.0
415903,2010-05-10,1500.0
415904,2010-05-11,1500.0
415905,2010-05-12,1600.0
415906,2010-05-13,1550.0
415907,2010-05-14,1500.0
415908,2010-05-15,1500.0
415909,2010-05-17,1500.0
415910,2010-05-18,1600.0
415911,2010-05-19,1700.0
415912,2010-05-20,1700.0
415913,2010-05-21,1800.0
415914,2010-05-22,1800.0
415915,2010-05-24,1850.0
415916,2010-05-25,1800.0
415917,2010-05-26,1900.0
415918,2010-05-27,2200.0
415919,2010-05-28,2300.0
415920,2010-05-29,2300.0
415921,2010-05-31,2300.0
415922,2010-06-01,2400.0
415923,2010-06-02,2400.0
415924,2010-06-03,2500.0
415925,2010-06-04,2500.0
415926,2010-06-05,2400.0
415927,2010-06-07,2400.0
415928,2010-06-08,2500.0
415929,2010-06-09,2500.0
415930,2010-06-10,2600.0
415931,2010-06-11,2600.0
415932,2010-06-14,2500.0
415933,2010-06-15,2500.0
415934,2010-06-16,2500.0
415935,2010-06-17,2500.0
415936,2010-06-18,2600.0
415937,2010-06-19,2400.0
415938,2010-06-21,2500.0
415939,2010-06-22,2400.0
415940,2010-06-23,2500.0
415941,2010-06-24,2500.0
415942,2010-06-25,2600.0
415943,2010-06-26,2600.0
415944,2010-06-28,2500.0
415945,2010-06-29,2500.0
415946,2010-06-30,2600.0
415947,2010-07-01,2600.0
415948,2010-07-02,2600.0
415949,2010-07-03,2600.0
415950,2010-07-06,2600.0
415951,2010-07-07,2600.0
415952,2010-07-08,2600.0
415953,2010-07-09,2600.0
415954,2010-07-12,2700.0
415955,2010-07-13,2700.0
415956,2010-07-14,2700.0
415957,2010-07-15,2700.0
415958,2010-07-16,2600.0
415959,2010-07-17,2700.0
415960,2010-07-20,2600.0
415961,2010-07-21,2600.0
415962,2010-07-22,2700.0
415963,2010-07-23,2800.0
415964,2010-07-24,2700.0
415965,2010-07-26,2700.0
415966,2010-07-27,2700.0
415967,2010-07-28,2700.0
415968,2010-07-29,2700.0
415969,2010-07-30,2700.0
415970,2010-07-31,2700.0
415971,2010-08-02,2700.0
415972,2010-08-03,2700.0
415973,2010-08-04,2700.0
415974,2010-08-05,2700.0
415975,2010-08-06,2700.0
415976,2010-08-07,2700.0
415977,2010-08-09,2700.0
415978,2010-08-10,2700.0
415979,2010-08-11,2800.0
415980,2010-08-12,3000.0
415981,2010-08-13,2900.0
415982,2010-08-16,3100.0
415983,2010-08-17,3500.0
415984,2010-08-18,3400.0
415985,2010-08-19,3300.0
415986,2010-08-20,3200.0
415987,2010-08-21,3300.0
415988,2010-08-23,3300.0
415989,2010-08-24,3400.0
415990,2010-08-25,3500.0
415991,2010-08-26,3500.0
415992,2010-08-27,3300.0
415993,2010-08-28,3600.0
416183,2010-08-30,500.0
415994,2010-08-31,3500.0
416185,2010-09-06,500.0
415995,2010-09-07,3500.0
415996,2010-09-08,3600.0
415997,2010-09-09,3200.0
415998,2010-09-20,3400.0
415999,2010-09-21,3400.0
416000,2010-09-22,3200.0
416001,2010-09-23,3400.0
416002,2010-09-24,3300.0
416003,2010-09-25,3200.0
416004,2010-09-27,3000.0
416005,2010-09-28,2800.0
416006,2010-09-29,2800.0
416007,2010-09-30,2800.0
416558,2010-10-01,850.0
416008,2010-10-06,2500.0
416009,2010-10-08,2400.0
416010,2010-10-11,2300.0
416011,2010-10-12,2300.0
416012,2010-10-13,2200.0
416013,2010-10-14,2300.0
416014,2010-10-15,2400.0
416015,2010-10-18,2400.0
416016,2010-10-20,2500.0
416017,2010-10-21,2500.0
416018,2010-10-23,2400.0
416019,2010-10-25,2300.0
416020,2010-10-26,2300.0
416021,2010-10-27,2400.0
416022,2010-10-28,2200.0
416023,2010-10-29,2300.0
416214,2010-10-30,450.0
416024,2010-11-02,2200.0
416025,2010-11-03,2300.0
416026,2010-11-08,2200.0
416027,2010-11-09,2200.0
416028,2010-12-01,2400.0
98937,2011-01-01,1800.0
98938,2011-01-03,1800.0
98939,2011-01-17,2000.0
98940,2011-01-18,2100.0
98941,2011-01-19,2100.0
98942,2011-02-01,2100.0
98943,2011-02-02,2200.0
98944,2011-02-03,2100.0
99103,2011-02-04,450.0
98945,2011-02-05,2200.0
98946,2011-02-07,2200.0
98947,2011-02-08,2200.0
98948,2011-02-09,2400.0
98949,2011-02-10,2300.0
98950,2011-02-14,2500.0
98951,2011-02-15,2600.0
98952,2011-02-17,2500.0
98953,2011-02-18,2500.0
98954,2011-02-19,2600.0
98955,2011-02-21,2700.0
98956,2011-02-22,2700.0
98957,2011-02-23,2700.0
98958,2011-02-24,1500.0
98960,2011-02-25,2700.0
98961,2011-02-26,2500.0
98962,2011-02-28,2700.0
98963,2011-03-01,2600.0
98964,2011-03-05,2650.0
98965,2011-03-07,2650.0
98966,2011-04-01,2500.0
98967,2011-04-02,2600.0
98968,2011-04-05,2500.0
98969,2011-04-06,2500.0
98970,2011-04-07,2600.0
98971,2011-04-08,2600.0
98972,2011-04-11,2600.0
98973,2011-04-12,2600.0
98974,2011-04-13,2700.0
98975,2011-04-15,2800.0
98976,2011-04-19,2400.0
98977,2011-04-20,2600.0
98978,2011-04-21,2500.0
98979,2011-04-23,2400.0
98980,2011-04-25,2600.0
98981,2011-04-26,2600.0
98982,2011-04-27,2400.0
98983,2011-04-28,2400.0
98984,2011-04-29,2300.0
98985,2011-04-30,2200.0
98986,2011-05-02,2100.0
98987,2011-05-03,2200.0
98988,2011-05-04,2200.0
98989,2011-05-05,2200.0
98990,2011-05-07,2100.0
98991,2011-05-09,2300.0
98992,2011-05-10,2100.0
98993,2011-05-11,2100.0
98994,2011-05-12,2000.0
98995,2011-05-13,1900.0
98996,2011-05-16,2000.0
98997,2011-05-17,2000.0
98998,2011-05-18,1900.0
98999,2011-05-19,1900.0
99000,2011-05-20,2000.0
99001,2011-05-21,2000.0
99002,2011-05-23,2000.0
99003,2011-05-24,2000.0
99004,2011-05-25,1900.0
99005,2011-05-26,2000.0
99006,2011-05-27,2000.0
99007,2011-05-28,2100.0
99008,2011-05-30,2000.0
99009,2011-05-31,2000.0
99010,2011-06-01,2000.0
99011,2011-06-02,2100.0
99012,2011-06-03,2000.0
99013,2011-06-04,2000.0
99014,2011-06-06,2100.0
99015,2011-06-07,2000.0
99016,2011-06-08,1900.0
99017,2011-06-09,2000.0
99018,2011-06-10,2100.0
99019,2011-06-13,2000.0
99020,2011-06-14,1900.0
99021,2011-06-15,2000.0
99022,2011-06-16,1800.0
99023,2011-06-17,2000.0
99024,2011-06-18,1900.0
99025,2011-06-20,2000.0
99026,2011-06-21,2000.0
99027,2011-06-22,1900.0
99028,2011-06-23,2000.0
99354,2011-06-24,1300.0
99029,2011-06-25,2000.0
99030,2011-06-27,2000.0
99031,2011-06-28,2000.0
99032,2011-06-29,2100.0
99033,2011-06-30,2000.0
99034,2011-07-01,2000.0
99035,2011-07-02,2000.0
99036,2011-07-04,2100.0
99037,2011-07-05,2300.0
99038,2011-07-06,2000.0
99039,2011-07-07,2300.0
99192,2011-07-08,550.0
99040,2011-07-11,2600.0
99041,2011-07-12,2500.0
99042,2011-07-13,2600.0
99043,2011-07-14,2500.0
99044,2011-07-15,2600.0
99045,2011-07-16,2800.0
99046,2011-07-18,2800.0
99199,2011-07-19,550.0
99200,2011-07-20,550.0
99047,2011-07-21,2800.0
99048,2011-07-22,2700.0
99049,2011-07-23,2800.0
99204,2011-07-25,550.0
99050,2011-07-26,2800.0
99206,2011-07-27,550.0
99207,2011-07-28,550.0
99208,2011-07-29,550.0
99209,2011-07-30,550.0
99051,2011-08-01,3100.0
99052,2011-08-02,3200.0
99053,2011-08-03,3100.0
99054,2011-08-04,3300.0
99213,2011-08-05,600.0
99214,2011-08-06,600.0
99215,2011-08-08,600.0
99216,2011-08-09,700.0
99217,2011-08-10,700.0
99378,2011-08-11,1600.0
99218,2011-08-12,650.0
99219,2011-08-16,600.0
99220,2011-08-17,550.0
99221,2011-08-18,550.0
99222,2011-08-19,600.0
99223,2011-08-20,600.0
99224,2011-08-22,650.0
99225,2011-08-23,650.0
99226,2011-08-24,600.0
99227,2011-08-25,600.0
99228,2011-08-26,600.0
99229,2011-08-27,600.0
99230,2011-08-29,700.0
99231,2011-08-30,700.0
99232,2011-09-02,600.0
99233,2011-09-03,600.0
99234,2011-09-05,600.0
99235,2011-09-06,600.0
99236,2011-09-07,600.0
99237,2011-09-08,550.0
99238,2011-09-09,550.0
99239,2011-09-12,550.0
99240,2011-09-13,600.0
99241,2011-09-14,600.0
99242,2011-09-15,600.0
99603,2011-09-16,850.0
99243,2011-09-17,600.0
99244,2011-09-19,600.0
99245,2011-09-20,600.0
99246,2011-09-21,600.0
99055,2011-09-22,2800.0
99248,2011-09-23,550.0
99056,2011-09-24,2800.0
99057,2011-09-26,2700.0
99058,2011-09-28,2700.0
99059,2011-09-29,2600.0
99060,2011-09-30,2700.0
99061,2011-10-01,2800.0
99254,2011-10-03,700.0
99062,2011-10-04,2800.0
99063,2011-10-07,2700.0
99257,2011-10-10,650.0
99258,2011-10-12,600.0
99064,2011-10-13,2900.0
99065,2011-10-14,2800.0
99261,2011-10-15,600.0
99066,2011-10-17,2800.0
99263,2011-10-18,600.0
99067,2011-10-19,2800.0
99068,2011-10-20,2800.0
99069,2011-10-21,2800.0
99266,2011-10-22,600.0
99267,2011-10-24,650.0
99070,2011-10-26,2700.0
99071,2011-10-28,2700.0
99072,2011-10-29,2900.0
99073,2011-10-31,2900.0
99074,2011-11-02,2700.0
99075,2011-11-03,2800.0
99076,2011-11-04,2700.0
99077,2011-11-05,2700.0
99078,2011-11-08,2100.0
99079,2011-11-09,2200.0
99080,2011-11-10,2300.0
99081,2011-11-11,2200.0
99082,2011-11-15,2600.0
99083,2011-11-16,2400.0
99084,2011-11-17,2400.0
99085,2011-11-18,2300.0
99086,2011-11-19,2300.0
99087,2011-11-21,2100.0
99088,2011-11-23,2200.0
99089,2011-11-24,2100.0
99090,2011-11-25,2100.0
99091,2011-11-26,2100.0
99092,2011-11-28,2100.0
99093,2011-11-29,2100.0
99094,2011-11-30,2000.0
99095,2011-12-01,2000.0
313538,2012-01-01,2000.0
313539,2012-01-02,2000.0
313540,2012-01-03,2000.0
313541,2012-01-04,1900.0
313542,2012-01-05,2000.0
313543,2012-01-06,2000.0
313544,2012-01-07,2000.0
313545,2012-01-09,2000.0
313546,2012-01-10,2000.0
313547,2012-01-11,2000.0
313548,2012-01-12,2000.0
313549,2012-01-13,2000.0
313550,2012-01-16,2300.0
313551,2012-01-17,2600.0
313552,2012-01-18,2500.0
313553,2012-01-19,2400.0
313554,2012-01-20,2300.0
313555,2012-01-21,2400.0
313556,2012-01-23,2400.0
313557,2012-01-24,2200.0
313558,2012-01-25,2200.0
313559,2012-01-27,2400.0
313560,2012-01-28,2500.0
313561,2012-01-30,2500.0
313562,2012-01-31,2500.0
313563,2012-02-01,2600.0
313564,2012-02-02,2500.0
313565,2012-02-03,2700.0
313566,2012-02-04,2500.0
313567,2012-02-06,2600.0
313568,2012-02-07,2600.0
313569,2012-02-08,2600.0
313570,2012-02-09,2600.0
313571,2012-02-10,2600.0
313572,2012-02-13,2600.0
313573,2012-02-14,2700.0
313574,2012-02-15,2700.0
313575,2012-02-16,2500.0
313576,2012-02-17,2600.0
313577,2012-02-18,2800.0
313578,2012-02-21,2700.0
313579,2012-02-22,2600.0
313580,2012-02-23,2500.0
313581,2012-02-24,2500.0
313582,2012-02-25,2600.0
313583,2012-02-27,2600.0
313584,2012-02-28,2400.0
313585,2012-02-29,2500.0
313586,2012-03-01,2300.0
313587,2012-03-02,2300.0
313588,2012-03-03,2300.0
313589,2012-03-05,2300.0
313590,2012-03-06,2500.0
313591,2012-03-07,2400.0
313592,2012-03-08,2400.0
313593,2012-03-09,2400.0
313594,2012-03-12,2400.0
313595,2012-03-13,2500.0
313596,2012-03-14,2400.0
313597,2012-03-15,2600.0
313598,2012-03-16,2600.0
313599,2012-03-17,2500.0
313600,2012-03-19,2000.0
313601,2012-03-20,2500.0
313602,2012-03-21,2600.0
313603,2012-03-22,2500.0
313604,2012-03-24,2500.0
313605,2012-03-26,2600.0
313606,2012-03-27,2600.0
313607,2012-03-28,2700.0
313608,2012-03-29,2500.0
313609,2012-03-30,2600.0
313610,2012-03-31,2700.0
313611,2012-04-02,2500.0
313612,2012-04-03,2500.0
313613,2012-04-05,2300.0
313614,2012-04-09,2500.0
313615,2012-04-10,2600.0
313616,2012-04-11,2500.0
313617,2012-04-12,2400.0
313618,2012-04-13,2300.0
313619,2012-04-16,2300.0
313620,2012-04-17,2300.0
313621,2012-04-18,2300.0
313622,2012-04-19,2000.0
313623,2012-04-20,2000.0
313624,2012-04-21,1900.0
313625,2012-04-23,2000.0
313626,2012-04-25,2100.0
313627,2012-04-26,2300.0
313628,2012-04-27,2000.0
313629,2012-04-28,1800.0
313630,2012-04-30,1900.0
313631,2012-05-02,2000.0
313632,2012-05-03,1900.0
313633,2012-05-04,1800.0
313634,2012-05-05,1900.0
313635,2012-05-07,2000.0
313636,2012-05-08,2000.0
313637,2012-05-09,2000.0
313638,2012-05-10,2000.0
313639,2012-05-11,2000.0
313640,2012-05-14,2000.0
313641,2012-05-15,2000.0
313642,2012-05-16,1800.0
313643,2012-05-17,2100.0
313644,2012-05-18,2000.0
313645,2012-05-19,2000.0
313646,2012-05-21,2300.0
313647,2012-05-22,2300.0
313648,2012-05-23,2100.0
313649,2012-05-24,2300.0
313650,2012-05-25,2300.0
313651,2012-05-26,2300.0
313652,2012-05-28,2200.0
313653,2012-05-29,2300.0
313654,2012-05-30,2200.0
313655,2012-05-31,2300.0
313656,2012-06-01,2400.0
313657,2012-06-02,2600.0
313658,2012-06-05,2600.0
313659,2012-06-06,2800.0
313858,2012-06-07,700.0
313660,2012-06-08,2800.0
313661,2012-06-11,2700.0
313860,2012-06-12,750.0
313861,2012-06-13,750.0
313862,2012-06-14,1000.0
313863,2012-06-15,700.0
313864,2012-06-16,700.0
313865,2012-06-18,700.0
313866,2012-06-19,700.0
313867,2012-06-20,700.0
313662,2012-06-21,3200.0
313663,2012-06-22,3200.0
313664,2012-06-23,3000.0
313665,2012-06-25,3000.0
314071,2012-06-26,1600.0
313871,2012-06-27,700.0
313872,2012-06-28,750.0
313873,2012-06-29,800.0
313874,2012-06-30,900.0
313875,2012-07-02,850.0
313876,2012-07-03,750.0
313877,2012-07-04,750.0
313878,2012-07-05,800.0
313879,2012-07-06,700.0
313880,2012-07-07,700.0
313881,2012-07-09,750.0
313882,2012-07-10,750.0
313883,2012-07-11,750.0
313884,2012-07-12,700.0
313885,2012-07-13,700.0
313886,2012-07-16,750.0
313887,2012-07-17,720.0
313888,2012-07-18,750.0
314084,2012-07-19,1700.0
313889,2012-07-20,720.0
313890,2012-07-21,750.0
313891,2012-07-23,1300.0
313892,2012-07-24,1500.0
313893,2012-07-25,1600.0
313894,2012-07-26,1600.0
314348,2012-07-27,1200.0
313895,2012-07-28,1500.0
313896,2012-07-30,700.0
313897,2012-07-31,800.0
313898,2012-08-01,750.0
313899,2012-08-02,800.0
313900,2012-08-03,750.0
313901,2012-08-04,750.0
313902,2012-08-06,750.0
313903,2012-08-07,750.0
313904,2012-08-08,800.0
313905,2012-08-09,750.0
313906,2012-08-10,750.0
313907,2012-08-13,750.0
313908,2012-08-14,750.0
314098,2012-08-16,1500.0
313909,2012-08-17,750.0
313666,2012-08-21,3200.0
313911,2012-08-22,750.0
313912,2012-08-23,750.0
313667,2012-08-24,2400.0
313914,2012-08-25,1500.0
313915,2012-08-27,700.0
313916,2012-08-28,750.0
313668,2012-08-29,1100.0
314105,2012-08-30,1600.0
313917,2012-08-31,700.0
314106,2012-09-01,1500.0
314107,2012-09-03,1400.0
313918,2012-09-04,700.0
314109,2012-09-05,1400.0
314110,2012-09-06,1400.0
313919,2012-09-07,700.0
313920,2012-09-10,700.0
314382,2012-09-11,700.0
313921,2012-09-12,700.0
313922,2012-09-13,700.0
313923,2012-09-14,700.0
313924,2012-09-15,700.0
313925,2012-09-17,700.0
313669,2012-09-18,3200.0
313670,2012-09-20,2000.0
313671,2012-09-21,2200.0
313672,2012-09-22,2200.0
313673,2012-09-24,2200.0
313674,2012-09-25,2200.0
313675,2012-09-26,2100.0
313676,2012-09-27,2100.0
313677,2012-09-28,2000.0
313678,2012-09-29,2000.0
313679,2012-10-01,2000.0
313680,2012-10-03,1800.0
313681,2012-10-04,1800.0
313682,2012-10-05,1800.0
313683,2012-10-08,2000.0
313684,2012-10-09,1900.0
313685,2012-10-10,1900.0
313686,2012-10-11,1800.0
313687,2012-10-12,1900.0
313688,2012-10-13,1900.0
313689,2012-10-16,1600.0
313690,2012-10-17,1600.0
313691,2012-10-18,1800.0
313692,2012-10-19,2000.0
313693,2012-10-20,1800.0
313694,2012-10-22,1900.0
313695,2012-10-25,2300.0
313696,2012-10-26,1900.0
313697,2012-10-30,1800.0
313698,2012-10-31,1800.0
313699,2012-11-02,1800.0
313700,2012-11-03,1800.0
313701,2012-11-05,1800.0
313702,2012-11-06,2200.0
313703,2012-11-07,1900.0
313704,2012-11-08,1800.0
313705,2012-11-09,1800.0
313706,2012-11-13,1800.0
313707,2012-11-15,1800.0
313708,2012-11-16,1900.0
313709,2012-11-17,1800.0
313710,2012-11-19,1800.0
313711,2012-11-20,1800.0
313712,2012-11-21,1900.0
313713,2012-11-22,1800.0
313714,2012-11-23,1800.0
313715,2012-11-24,1900.0
313716,2012-11-26,1900.0
313717,2012-11-27,2500.0
313718,2012-11-28,1800.0
313719,2012-11-29,1900.0
313720,2012-11-30,1900.0
313721,2012-12-03,2000.0
313722,2012-12-04,2100.0
313723,2012-12-05,2000.0
313724,2012-12-06,2000.0
313725,2012-12-07,2200.0
313726,2012-12-10,2000.0
313727,2012-12-11,2100.0
313728,2012-12-12,2200.0
313729,2012-12-13,2100.0
313730,2012-12-14,2200.0
313731,2012-12-15,2100.0
313732,2012-12-17,2300.0
313733,2012-12-18,2300.0
313734,2012-12-19,2300.0
313735,2012-12-20,2300.0
313736,2012-12-21,2250.0
313737,2012-12-22,2300.0
313738,2012-12-24,2100.0
313739,2012-12-26,2100.0
313740,2012-12-27,2200.0
313741,2012-12-28,2200.0
313742,2012-12-29,3000.0
313743,2012-12-31,2200.0
529227,2013-01-01,2100.0
529228,2013-01-02,2100.0
529229,2013-01-03,2200.0
529230,2013-01-04,2250.0
529231,2013-01-05,2300.0
529232,2013-01-07,2200.0
529233,2013-01-08,2200.0
529234,2013-01-09,2200.0
529235,2013-01-10,2200.0
529236,2013-01-11,2200.0
529237,2013-01-15,2300.0
529238,2013-01-16,2400.0
529239,2013-01-17,2300.0
529240,2013-01-18,2300.0
529241,2013-01-19,2300.0
529242,2013-01-21,2300.0
529243,2013-01-22,2200.0
529244,2013-01-23,2300.0
529245,2013-01-24,2300.0
529246,2013-01-28,2300.0
529247,2013-01-29,2200.0
529248,2013-01-30,2200.0
529249,2013-01-31,2300.0
529250,2013-02-01,2200.0
529251,2013-02-02,2800.0
529252,2013-02-04,2200.0
529253,2013-02-05,2200.0
529254,2013-02-06,2100.0
529255,2013-02-07,2200.0
529256,2013-02-08,2100.0
529257,2013-02-11,2200.0
529258,2013-02-12,2200.0
529259,2013-02-13,2200.0
529260,2013-02-15,2100.0
529261,2013-02-16,2100.0
529262,2013-02-18,2000.0
529263,2013-02-19,2000.0
529264,2013-02-20,1900.0
529265,2013-02-21,2000.0
529266,2013-02-22,2000.0
529267,2013-02-23,1900.0
529268,2013-02-25,2800.0
529269,2013-02-26,2000.0
529270,2013-02-27,1800.0
529271,2013-02-28,1200.0
529272,2013-03-01,1700.0
529273,2013-03-02,1700.0
529274,2013-03-04,1600.0
529275,2013-03-05,1600.0
529276,2013-03-06,1700.0
529277,2013-03-07,1600.0
529278,2013-03-08,1600.0
529279,2013-03-11,1700.0
529280,2013-03-12,1700.0
529281,2013-03-13,1700.0
529282,2013-03-14,1600.0
529283,2013-03-15,1600.0
529284,2013-03-16,1600.0
529285,2013-03-18,1600.0
529286,2013-03-19,1600.0
529287,2013-03-20,1600.0
529288,2013-03-21,1600.0
529289,2013-03-22,1600.0
529290,2013-03-23,1600.0
529291,2013-03-25,1600.0
529292,2013-03-30,1600.0
529293,2013-04-01,1700.0
529294,2013-04-04,2000.0
529295,2013-04-05,1700.0
529296,2013-04-06,1100.0
529297,2013-04-08,1500.0
529298,2013-04-09,1650.0
529299,2013-04-10,1700.0
529300,2013-04-12,1600.0
529301,2013-04-15,1600.0
529302,2013-04-17,1800.0
529303,2013-04-18,1800.0
529304,2013-04-19,1600.0
529305,2013-04-20,1600.0
529306,2013-04-22,1600.0
529307,2013-04-24,1600.0
529308,2013-04-25,2000.0
529309,2013-04-27,1600.0
529310,2013-04-29,1550.0
529311,2013-04-30,1500.0
529312,2013-05-02,1600.0
529313,2013-05-03,1500.0
529314,2013-05-06,1550.0
529315,2013-05-07,1600.0
529316,2013-05-08,1600.0
529317,2013-05-10,1600.0
529318,2013-05-15,1750.0
529319,2013-05-16,1750.0
529320,2013-05-17,1800.0
529321,2013-05-18,1900.0
529322,2013-05-20,2000.0
529323,2013-05-21,2100.0
529324,2013-05-22,2000.0
529325,2013-05-23,2100.0
529326,2013-05-24,2200.0
529327,2013-05-25,2100.0
529328,2013-05-27,2200.0
529329,2013-05-28,2100.0
529330,2013-05-29,2100.0
529331,2013-05-30,2100.0
529332,2013-05-31,1650.0
529333,2013-06-01,2200.0
529334,2013-06-03,2200.0
529335,2013-06-04,2100.0
529336,2013-06-05,2100.0
529337,2013-06-06,2150.0
529338,2013-06-07,2200.0
529339,2013-06-10,2300.0
529632,2013-06-11,1700.0
529479,2013-06-12,1100.0
529480,2013-06-13,1100.0
529481,2013-06-14,1100.0
529482,2013-06-15,1100.0
529483,2013-06-17,1200.0
529484,2013-06-18,1200.0
529485,2013-06-19,1200.0
529640,2013-06-20,1700.0
529486,2013-06-21,1200.0
529641,2013-06-22,1700.0
529487,2013-06-24,1200.0
529818,2013-06-25,800.0
529819,2013-06-26,800.0
529488,2013-06-27,1150.0
529489,2013-06-28,1200.0
529490,2013-06-29,1300.0
529491,2013-07-01,900.0
529824,2013-07-02,900.0
529492,2013-07-03,1300.0
529493,2013-07-04,1300.0
529494,2013-07-05,1200.0
529495,2013-07-06,1300.0
529496,2013-07-08,1200.0
529497,2013-07-09,500.0
529498,2013-07-10,1400.0
529832,2013-07-11,900.0
529499,2013-07-12,1400.0
529654,2013-07-15,1600.0
529500,2013-07-16,1200.0
529655,2013-07-17,1600.0
529501,2013-07-18,1500.0
529502,2013-07-19,1400.0
529503,2013-07-20,1500.0
529657,2013-07-22,1600.0
529504,2013-07-23,1500.0
529340,2013-07-24,1100.0
529506,2013-07-25,1500.0
529660,2013-07-26,1700.0
529341,2013-07-27,3100.0
529342,2013-07-29,3100.0
529343,2013-07-30,3100.0
529344,2013-07-31,3200.0
529345,2013-08-01,3100.0
529346,2013-08-02,3100.0
529347,2013-08-03,3200.0
529348,2013-08-05,3100.0
529668,2013-08-07,1650.0
529349,2013-08-13,3350.0
529350,2013-08-14,3050.0
529351,2013-08-16,3300.0
529352,2013-08-17,3200.0
529353,2013-08-19,3150.0
529354,2013-08-20,3100.0
529355,2013-08-21,3100.0
529356,2013-08-22,3050.0
529357,2013-08-23,3100.0
529358,2013-08-24,3150.0
529359,2013-08-28,3450.0
529360,2013-08-30,3200.0
529361,2013-08-31,3250.0
529362,2013-09-02,3350.0
529363,2013-09-03,3200.0
529364,2013-09-16,3150.0
529365,2013-09-17,3150.0
529366,2013-09-18,3150.0
529367,2013-09-19,3100.0
529368,2013-09-20,3000.0
529369,2013-09-23,3050.0
529370,2013-09-24,3000.0
529371,2013-09-26,3000.0
529372,2013-09-27,2900.0
529373,2013-09-28,2950.0
529374,2013-09-30,2950.0
529375,2013-10-01,2850.0
529377,2013-10-03,3000.0
529379,2013-10-05,2850.0
529380,2013-10-08,2850.0
529381,2013-10-21,2950.0
529382,2013-10-22,2850.0
529383,2013-10-23,3700.0
529384,2013-10-24,2850.0
529385,2013-11-29,2450.0
605101,2014-01-03,2200.0
605102,2014-01-04,2200.0
605104,2014-01-06,2200.0
605106,2014-01-07,2200.0
605108,2014-01-08,2150.0
605109,2014-01-09,2100.0
605110,2014-01-10,2100.0
605111,2014-01-13,2100.0
605112,2014-01-16,2150.0
605113,2014-01-17,2200.0
605114,2014-01-18,2250.0
605115,2014-01-20,2200.0
605116,2014-01-21,2150.0
605117,2014-01-22,2100.0
605118,2014-01-23,2150.0
605119,2014-01-24,2150.0
605120,2014-01-25,2200.0
605121,2014-01-27,2250.0
605122,2014-01-28,2200.0
605123,2014-01-29,2200.0
605124,2014-01-30,2250.0
605125,2014-01-31,2200.0
605126,2014-02-01,2200.0
605127,2014-02-03,2150.0
605128,2014-02-04,2200.0
605129,2014-02-05,2200.0
605130,2014-02-06,2150.0
605131,2014-02-07,2200.0
605132,2014-02-10,2200.0
605133,2014-02-12,2100.0
605134,2014-02-13,2250.0
605135,2014-02-14,2150.0
605136,2014-02-15,2250.0
605374,2014-02-17,1200.0
605137,2014-02-18,2200.0
605138,2014-02-19,1250.0
605139,2014-02-20,2150.0
605140,2014-02-21,2200.0
605141,2014-02-22,2150.0
605142,2014-02-24,2200.0
605143,2014-02-25,2150.0
605144,2014-02-26,2200.0
605145,2014-02-28,2150.0
605146,2014-03-01,2150.0
605147,2014-03-03,2100.0
605148,2014-03-04,2100.0
605149,2014-03-05,2050.0
605150,2014-03-06,2100.0
605151,2014-03-07,2050.0
605152,2014-03-10,1950.0
605153,2014-03-11,1900.0
605154,2014-03-12,1900.0
605155,2014-03-13,1900.0
605156,2014-03-14,1800.0
605157,2014-03-15,1800.0
605158,2014-03-17,1900.0
605160,2014-03-18,1750.0
605386,2014-03-19,1050.0
605161,2014-03-20,1800.0
605162,2014-03-21,1750.0
605163,2014-03-22,1750.0
605164,2014-03-24,1950.0
605165,2014-03-25,1900.0
605166,2014-03-26,1900.0
605167,2014-03-27,1850.0
605168,2014-03-28,1800.0
605169,2014-03-29,1850.0
605170,2014-04-01,1900.0
605171,2014-04-02,1850.0
605172,2014-04-03,1900.0
605173,2014-04-04,1850.0
605174,2014-04-05,1850.0
605175,2014-04-07,1900.0
605176,2014-04-08,1850.0
605177,2014-04-09,2000.0
605178,2014-04-10,2000.0
605179,2014-04-11,2050.0
605180,2014-04-15,2000.0
605405,2014-04-16,1250.0
605181,2014-04-21,2400.0
605182,2014-04-23,2400.0
605183,2014-04-24,2400.0
605184,2014-04-25,2450.0
605185,2014-04-26,2400.0
605186,2014-04-28,2450.0
605187,2014-04-29,2450.0
605188,2014-04-30,2450.0
605189,2014-05-03,2450.0
605190,2014-05-05,2400.0
605873,2014-05-06,1050.0
605191,2014-05-07,2350.0
605192,2014-05-08,2400.0
605193,2014-05-09,2400.0
605194,2014-05-12,2350.0
605195,2014-05-13,2350.0
605196,2014-05-14,2350.0
605197,2014-05-15,2350.0
605198,2014-05-16,2350.0
605199,2014-05-17,2350.0
605200,2014-05-19,2450.0
605201,2014-05-20,2500.0
605202,2014-05-21,2500.0
605427,2014-05-22,1350.0
605203,2014-05-23,2500.0
605204,2014-05-24,2500.0
605205,2014-05-26,2450.0
605206,2014-05-27,2500.0
605207,2014-05-29,2500.0
605208,2014-05-30,2550.0
605209,2014-06-02,2530.0
605210,2014-06-03,1950.0
605211,2014-06-04,2550.0
605212,2014-06-05,2600.0
605213,2014-06-06,2650.0
605214,2014-06-09,2600.0
605215,2014-06-10,2600.0
605216,2014-06-11,2700.0
605217,2014-06-12,2700.0
605218,2014-06-13,2700.0
605219,2014-06-16,2700.0
605220,2014-06-17,2550.0
605221,2014-06-18,1000.0
605222,2014-06-19,2750.0
605223,2014-06-20,2700.0
605224,2014-06-21,2750.0
605225,2014-06-23,2750.0
605226,2014-06-24,2600.0
605227,2014-06-25,2700.0
605228,2014-06-26,2700.0
605229,2014-06-27,2600.0
605230,2014-06-28,2600.0
605231,2014-06-30,2800.0
605232,2014-07-01,2800.0
605233,2014-07-02,2900.0
605234,2014-07-03,2850.0
605235,2014-07-04,2900.0
605236,2014-07-05,2800.0
605237,2014-07-07,2850.0
605238,2014-07-08,2750.0
605239,2014-07-09,3000.0
605240,2014-07-10,2900.0
605241,2014-07-11,2950.0
605242,2014-07-14,3000.0
605243,2014-07-15,3050.0
605244,2014-07-16,3100.0
605245,2014-07-17,2950.0
605469,2014-07-18,1400.0
605246,2014-07-19,3100.0
605247,2014-07-21,3100.0
605248,2014-07-22,3050.0
605249,2014-07-23,3100.0
605250,2014-07-24,3350.0
605251,2014-07-25,3200.0
605252,2014-07-26,3200.0
605253,2014-07-28,3200.0
605254,2014-07-30,3150.0
605255,2014-07-31,3350.0
605256,2014-08-01,3350.0
605257,2014-08-02,3400.0
605258,2014-08-04,3350.0
605259,2014-08-05,3400.0
605260,2014-08-06,3300.0
605261,2014-08-07,3200.0
605262,2014-08-11,3450.0
605263,2014-08-12,3500.0
605264,2014-08-13,3450.0
605265,2014-08-14,3400.0
605266,2014-08-16,3500.0
605267,2014-08-18,3500.0
605268,2014-08-19,3450.0
605269,2014-08-20,3500.0
605270,2014-08-21,3500.0
605271,2014-08-22,3450.0
605272,2014-08-25,3350.0
605273,2014-08-26,3600.0
605274,2014-08-27,3750.0
605275,2014-08-28,3650.0
605276,2014-08-30,3750.0
605684,2014-09-01,1800.0
605685,2014-09-02,1800.0
605686,2014-09-03,1850.0
605687,2014-09-04,1850.0
605277,2014-09-05,3700.0
605278,2014-09-06,3700.0
605279,2014-09-08,3650.0
605280,2014-09-09,3600.0
605281,2014-09-10,3600.0
605282,2014-09-11,3350.0
605283,2014-09-12,3550.0
605284,2014-09-16,3400.0
605285,2014-09-17,3600.0
605286,2014-09-19,3600.0
605287,2014-09-20,3600.0
605288,2014-09-22,3600.0
605289,2014-09-23,3550.0
605290,2014-09-25,3500.0
605291,2014-09-26,3700.0
605292,2014-09-27,3550.0
605293,2014-09-29,3600.0
605294,2014-09-30,3700.0
605295,2014-10-07,3600.0
605296,2014-10-09,3700.0
605297,2014-10-10,4100.0
605298,2014-10-13,3600.0
605299,2014-10-14,3500.0
605300,2014-10-15,3500.0
605301,2014-10-16,3350.0
605302,2014-10-17,3200.0
605303,2014-10-20,3550.0
605304,2014-10-21,3250.0
605305,2014-10-25,3100.0
605306,2014-10-27,3100.0
605307,2014-10-28,2850.0
605308,2014-10-29,2850.0
605309,2014-10-30,2850.0
605310,2014-10-31,2700.0
605311,2014-11-03,2950.0
605312,2014-11-05,2600.0
605313,2014-11-06,2550.0
605314,2014-11-07,2500.0
605315,2014-11-11,2400.0
605316,2014-11-12,2250.0
605317,2014-11-13,2400.0
605318,2014-11-14,2250.0
605319,2014-11-15,2350.0
605320,2014-11-18,2250.0
605321,2014-11-19,2300.0
605322,2014-11-20,2250.0
605323,2014-11-21,2300.0
605324,2014-11-22,2200.0
605325,2014-11-25,2150.0
605326,2014-11-27,2150.0
605327,2014-11-28,2250.0
605328,2014-11-29,2250.0
605735,2014-12-01,1750.0
605736,2014-12-02,1750.0
605737,2014-12-03,1600.0
605738,2014-12-04,1600.0
605739,2014-12-05,1650.0
605740,2014-12-06,1600.0
605741,2014-12-08,2100.0
605742,2014-12-09,2100.0
605743,2014-12-10,2100.0
605744,2014-12-11,2100.0
605745,2014-12-15,2050.0
605746,2014-12-16,1850.0
605747,2014-12-17,2000.0
605748,2014-12-18,1700.0
605749,2014-12-19,1600.0
605750,2014-12-20,1650.0
605751,2014-12-22,1850.0
605752,2014-12-23,1900.0
605753,2014-12-24,1850.0
605754,2014-12-26,2100.0
605755,2014-12-27,2100.0
605756,2014-12-29,1600.0
605757,2014-12-31,1650.0
19631,2015-01-01,2150.0
19633,2015-01-02,2050.0
19634,2015-01-03,2150.0
19635,2015-01-05,2200.0
19636,2015-01-06,2200.0
19637,2015-01-07,2150.0
19897,2015-01-08,1250.0
19638,2015-01-09,2150.0
19639,2015-01-12,2250.0
19640,2015-01-13,2200.0
19641,2015-01-14,2200.0
19642,2015-01-16,2150.0
19643,2015-01-17,2100.0
19644,2015-01-19,2100.0
19645,2015-01-20,2100.0
19646,2015-01-21,2100.0
19647,2015-01-22,2250.0
19648,2015-01-23,2100.0
19649,2015-01-24,2200.0
19650,2015-01-27,2150.0
19652,2015-01-28,2150.0
19654,2015-01-29,2200.0
19655,2015-01-30,2250.0
19656,2015-01-31,2150.0
19657,2015-02-02,2150.0
19658,2015-02-03,2100.0
19659,2015-02-04,2200.0
19660,2015-02-05,2200.0
19661,2015-02-06,1250.0
19662,2015-02-07,2150.0
19663,2015-02-09,2100.0
19664,2015-02-10,2150.0
19665,2015-02-11,2150.0
19666,2015-02-12,2150.0
19667,2015-02-13,2100.0
19668,2015-02-16,2200.0
19669,2015-02-18,2150.0
19670,2015-02-19,2150.0
19671,2015-02-20,2100.0
19672,2015-02-21,2200.0
19673,2015-02-23,2200.0
19674,2015-02-24,2150.0
19675,2015-02-25,2100.0
19676,2015-02-26,2050.0
19677,2015-02-27,2000.0
19678,2015-02-28,2000.0
19679,2015-03-02,2050.0
19680,2015-03-03,2000.0
19681,2015-03-04,2100.0
19682,2015-03-05,2000.0
19683,2015-03-06,2000.0
19684,2015-03-07,1850.0
19685,2015-03-09,1950.0
19686,2015-03-10,2000.0
19687,2015-03-11,1900.0
19688,2015-03-12,1950.0
19689,2015-03-13,1000.0
19690,2015-03-16,1800.0
19691,2015-03-17,1750.0
19692,2015-03-18,1600.0
19693,2015-03-19,1600.0
19694,2015-03-20,1600.0
19695,2015-03-23,1800.0
19696,2015-03-24,1700.0
19697,2015-03-25,1800.0
19698,2015-03-26,1800.0
19699,2015-03-27,1750.0
19700,2015-03-28,1750.0
19701,2015-03-30,1700.0
19702,2015-03-31,1650.0
19703,2015-04-01,1650.0
19704,2015-04-06,1650.0
19705,2015-04-07,1650.0
19706,2015-04-09,1550.0
19707,2015-04-10,1550.0
19708,2015-04-13,1500.0
19709,2015-04-15,1500.0
19710,2015-04-16,1500.0
19711,2015-04-17,1500.0
19712,2015-04-20,1450.0
19713,2015-04-22,1550.0
19714,2015-04-23,1550.0
19715,2015-04-24,1450.0
19716,2015-04-25,1400.0
19717,2015-04-27,1350.0
19718,2015-04-28,1300.0
19719,2015-04-29,1300.0
19720,2015-04-30,1200.0
19721,2015-05-05,1450.0
19722,2015-05-06,1450.0
19723,2015-05-07,1400.0
19724,2015-05-08,1300.0
19725,2015-05-11,1200.0
19726,2015-05-12,1250.0
19727,2015-05-13,1250.0
19728,2015-05-14,1250.0
19729,2015-05-15,1250.0
19730,2015-05-18,1450.0
19731,2015-05-19,1400.0
19732,2015-05-20,1000.0
19733,2015-05-21,1500.0
19734,2015-05-22,1500.0
19735,2015-05-23,1700.0
19736,2015-05-25,1800.0
19737,2015-05-26,1850.0
19738,2015-05-27,1800.0
19739,2015-05-28,1900.0
19740,2015-05-29,1900.0
19741,2015-05-30,1850.0
19742,2015-06-01,1900.0
19743,2015-06-02,1900.0
19744,2015-06-03,1900.0
19745,2015-06-04,1900.0
19746,2015-06-05,1950.0
19747,2015-06-08,1850.0
19748,2015-06-09,1900.0
19749,2015-06-10,1900.0
19750,2015-06-11,1800.0
19751,2015-06-15,1950.0
19752,2015-06-16,2000.0
19753,2015-06-17,2050.0
19754,2015-06-18,2100.0
19755,2015-06-19,2050.0
19756,2015-06-20,2050.0
19757,2015-06-22,2100.0
19758,2015-06-23,2050.0
19759,2015-06-24,2000.0
19760,2015-06-25,2000.0
19761,2015-06-26,2000.0
19762,2015-06-27,2050.0
19763,2015-06-29,2000.0
19764,2015-06-30,2000.0
19765,2015-07-01,2000.0
19766,2015-07-02,2000.0
19767,2015-07-03,1950.0
19768,2015-07-04,2000.0
19769,2015-07-06,1950.0
19770,2015-07-07,1500.0
19771,2015-07-08,2000.0
19772,2015-07-09,2000.0
19773,2015-07-10,1900.0
19774,2015-07-14,1950.0
19775,2015-07-15,2000.0
19776,2015-07-16,2000.0
19777,2015-07-17,1950.0
19778,2015-07-21,1900.0
19779,2015-07-22,1900.0
19780,2015-07-24,2050.0
19781,2015-07-25,1950.0
19782,2015-07-27,1950.0
19783,2015-07-28,1950.0
19784,2015-07-29,1900.0
19785,2015-07-30,2000.0
19786,2015-07-31,1950.0
20195,2015-08-03,1750.0
19787,2015-08-04,2250.0
19788,2015-08-05,2100.0
19789,2015-08-06,2150.0
19790,2015-08-07,2050.0
19791,2015-08-10,1950.0
19792,2015-08-11,1900.0
19793,2015-08-12,2200.0
19794,2015-08-13,2050.0
19795,2015-08-14,2300.0
19796,2015-08-17,2400.0
19797,2015-08-18,2750.0
19798,2015-08-19,2800.0
19799,2015-08-20,2750.0
19800,2015-08-21,2950.0
19801,2015-08-24,2900.0
19802,2015-08-25,3000.0
19803,2015-08-26,2950.0
19804,2015-08-27,2900.0
19805,2015-08-28,2750.0
19806,2015-08-29,2800.0
19807,2015-08-31,2800.0
19808,2015-09-01,950.0
19809,2015-09-02,2750.0
19810,2015-09-03,2750.0
19811,2015-09-04,2750.0
19812,2015-09-05,2750.0
19813,2015-09-07,3000.0
19814,2015-09-08,2900.0
19815,2015-09-09,3000.0
19816,2015-09-10,2900.0
19817,2015-09-11,2750.0
19818,2015-09-14,2850.0
19819,2015-09-15,2750.0
19820,2015-09-16,2800.0
19821,2015-09-18,2750.0
19822,2015-09-19,2750.0
19823,2015-09-21,2800.0
19824,2015-09-22,2700.0
19825,2015-09-23,2800.0
19826,2015-09-24,2650.0
19827,2015-09-28,2500.0
19828,2015-09-29,2400.0
19829,2015-09-30,2400.0
19830,2015-10-01,2300.0
19831,2015-10-03,2000.0
19832,2015-10-05,2050.0
19833,2015-10-06,1950.0
19834,2015-10-07,2000.0
19835,2015-10-08,2050.0
19836,2015-10-09,2000.0
19837,2015-10-13,1900.0
19838,2015-10-14,1900.0
19839,2015-10-15,2000.0
19840,2015-10-16,1950.0
19841,2015-10-17,2000.0
19842,2015-10-19,1950.0
19843,2015-10-20,2050.0
19844,2015-10-21,2150.0
19845,2015-10-26,1900.0
19846,2015-10-28,1900.0
19847,2015-10-29,2100.0
19848,2015-10-30,2100.0
19849,2015-10-31,2000.0
19850,2015-11-02,2000.0
19851,2015-11-03,1850.0
19852,2015-11-04,1900.0
19853,2015-11-05,1800.0
19854,2015-11-06,1700.0
19855,2015-11-07,1850.0
19856,2015-11-09,1850.0
19857,2015-11-11,1900.0
19858,2015-11-16,1600.0
19859,2015-11-17,1600.0
19860,2015-11-18,1750.0
19861,2015-11-19,1800.0
19862,2015-11-20,1750.0
19863,2015-11-21,1700.0
19864,2015-11-23,1800.0
19865,2015-11-24,1800.0
19866,2015-11-25,1850.0
19867,2015-11-26,1400.0
19868,2015-11-27,1400.0
19869,2015-11-30,1800.0
19870,2015-12-01,1800.0
19871,2015-12-02,1750.0
19872,2015-12-03,1600.0
19873,2015-12-04,1700.0
19874,2015-12-05,1650.0
19875,2015-12-08,1750.0
19876,2015-12-09,1650.0
19877,2015-12-10,1700.0
19878,2015-12-11,1700.0
19879,2015-12-14,1600.0
19880,2015-12-15,1650.0
19881,2015-12-16,1600.0
19882,2015-12-17,1600.0
19883,2015-12-18,1600.0
19884,2015-12-19,1650.0
19885,2015-12-21,1650.0
19886,2015-12-22,1600.0
19887,2015-12-23,1600.0
19888,2015-12-26,1900.0
19889,2015-12-28,1600.0
19890,2015-12-29,1600.0
19891,2015-12-30,1550.0
19892,2015-12-31,1500.0
154944,2016-01-01,1600.0
154945,2016-01-02,1700.0
154946,2016-01-04,1700.0
154947,2016-01-05,1650.0
154948,2016-01-06,1650.0
154949,2016-01-07,1600.0
154950,2016-01-08,1600.0
154951,2016-01-11,1750.0
154952,2016-01-12,1800.0
154953,2016-01-13,1700.0
154954,2016-01-14,1650.0
154955,2016-01-16,1600.0
154956,2016-01-18,1800.0
154957,2016-01-19,1750.0
154958,2016-01-20,1750.0
154959,2016-01-21,1750.0
154960,2016-01-23,1800.0
154961,2016-01-25,1800.0
154962,2016-02-01,1950.0
154963,2016-02-05,1950.0
154964,2016-02-08,1850.0
154965,2016-02-09,1900.0
154966,2016-02-12,1900.0
154967,2016-02-15,2000.0
154968,2016-02-16,2050.0
154969,2016-02-17,2050.0
154970,2016-02-18,2000.0
154971,2016-02-19,2000.0
154972,2016-02-20,2000.0
154973,2016-02-23,2000.0
154974,2016-02-24,2000.0
154975,2016-02-25,2000.0
154976,2016-02-26,2050.0
154977,2016-02-27,2050.0
154978,2016-02-29,2000.0
154979,2016-03-01,1900.0
154980,2016-03-02,1900.0
154981,2016-03-03,1900.0
154982,2016-03-05,1900.0
154983,2016-03-11,1900.0
154984,2016-03-15,1950.0
154985,2016-03-16,1900.0
154986,2016-03-17,1800.0
154987,2016-03-18,1700.0
154988,2016-03-19,1700.0
154989,2016-03-21,1750.0
154990,2016-03-22,1800.0
154991,2016-03-23,1650.0
154992,2016-03-24,1700.0
154993,2016-03-26,1800.0
154994,2016-03-28,1700.0
154995,2016-03-29,1650.0
154996,2016-03-30,1700.0
154997,2016-03-31,1650.0
154998,2016-04-02,1750.0
154999,2016-04-04,1800.0
155000,2016-04-05,1900.0
155001,2016-04-06,1850.0
155002,2016-04-07,1800.0
155003,2016-04-11,1800.0
155004,2016-04-12,1950.0
155005,2016-04-13,1550.0
155006,2016-04-15,1900.0
155007,2016-04-16,2000.0
155008,2016-04-18,1950.0
155009,2016-04-21,2000.0
155010,2016-04-22,2050.0
155011,2016-04-23,2000.0
155012,2016-04-25,2000.0
155013,2016-04-26,2000.0
155014,2016-04-27,2000.0
155015,2016-04-29,2100.0
155016,2016-04-30,2100.0
155017,2016-05-02,1150.0
155018,2016-05-04,2300.0
155019,2016-05-05,2400.0
155020,2016-05-06,2500.0
155021,2016-05-07,2650.0
155022,2016-05-10,2600.0
155023,2016-05-11,2550.0
155024,2016-05-12,2600.0
155025,2016-05-13,2700.0
155026,2016-05-16,2600.0
155027,2016-05-17,2900.0
155028,2016-05-18,1250.0
155029,2016-05-19,3050.0
155030,2016-05-20,3000.0
155031,2016-05-21,2950.0
155032,2016-05-23,3000.0
155033,2016-05-24,2900.0
155034,2016-05-25,3150.0
155035,2016-05-26,3150.0
155036,2016-05-27,3150.0
155037,2016-05-28,3150.0
155038,2016-05-30,3050.0
155039,2016-05-31,3000.0
155040,2016-06-01,3050.0
155041,2016-06-03,3100.0
155042,2016-06-04,3150.0
155043,2016-06-06,3250.0
155044,2016-06-07,3500.0
155045,2016-06-08,3350.0
155046,2016-06-09,3450.0
155047,2016-06-10,3500.0
155048,2016-06-13,3550.0
155049,2016-06-14,3500.0
155050,2016-06-15,3450.0
155051,2016-06-16,3600.0
155052,2016-06-17,3500.0
155053,2016-06-18,3550.0
155054,2016-06-20,3600.0
155055,2016-06-21,3700.0
155056,2016-06-22,3850.0
155057,2016-06-23,3600.0
155058,2016-06-24,3750.0
155059,2016-06-25,3600.0
155060,2016-06-27,3600.0
155061,2016-06-28,3600.0
155062,2016-06-29,3500.0
155063,2016-06-30,3500.0
155064,2016-07-01,3450.0
155065,2016-07-02,3650.0
155066,2016-07-04,3500.0
155067,2016-07-06,3500.0
155068,2016-07-08,3650.0
155069,2016-07-11,3650.0
155070,2016-07-12,3500.0
155071,2016-07-13,3450.0
155072,2016-07-14,3400.0
155073,2016-07-15,3500.0
155074,2016-07-16,3500.0
155075,2016-07-18,3750.0
155076,2016-07-20,3600.0
155077,2016-07-21,3600.0
155078,2016-07-22,3600.0
155079,2016-07-23,3600.0
155080,2016-07-25,3250.0
155081,2016-07-26,3250.0
155082,2016-07-27,3300.0
155083,2016-07-28,3050.0
155084,2016-07-29,3100.0
155085,2016-07-30,3650.0
155086,2016-08-01,3600.0
155087,2016-08-02,3600.0
155088,2016-08-03,3600.0
155089,2016-08-04,3700.0
155090,2016-08-05,3700.0
155091,2016-08-06,3600.0
155092,2016-08-08,3450.0
155093,2016-08-09,4350.0
155094,2016-08-10,4100.0
155095,2016-08-11,3600.0
155096,2016-08-12,3500.0
155097,2016-08-16,3600.0
155098,2016-08-17,3850.0
155099,2016-08-18,4350.0
155100,2016-08-19,3600.0
155101,2016-08-22,3950.0
155102,2016-08-23,4100.0
155103,2016-08-24,4050.0
155104,2016-08-25,3900.0
155105,2016-08-26,3750.0
155106,2016-08-27,3750.0
155107,2016-08-29,3500.0
155108,2016-08-30,3400.0
155109,2016-08-31,3500.0
155110,2016-09-01,3300.0
155111,2016-09-03,3950.0
155112,2016-09-06,2500.0
155113,2016-09-07,3500.0
155114,2016-09-08,3000.0
155115,2016-09-12,3550.0
155116,2016-09-14,3500.0
155117,2016-09-15,3500.0
155118,2016-09-16,3550.0
155119,2016-09-17,3750.0
155120,2016-09-19,3500.0
155121,2016-09-20,3400.0
155122,2016-09-21,3350.0
155123,2016-09-22,3100.0
155124,2016-09-23,3250.0
155125,2016-09-24,2950.0
155126,2016-09-26,2950.0
155127,2016-09-27,3050.0
155128,2016-09-28,2750.0
155129,2016-09-29,2900.0
155130,2016-10-01,2900.0
155131,2016-10-03,2900.0
155132,2016-10-04,2800.0
155133,2016-10-05,3000.0
155134,2016-10-06,2900.0
155135,2016-10-07,3000.0
155136,2016-10-13,2500.0
155137,2016-10-14,2500.0
155138,2016-10-17,2500.0
155139,2016-10-18,2500.0
155140,2016-10-19,2250.0
155141,2016-10-21,2250.0
155142,2016-10-22,2500.0
155143,2016-10-25,2500.0
155144,2016-10-26,2450.0
155145,2016-10-27,2500.0
155146,2016-10-28,2400.0
155147,2016-11-02,2500.0
155148,2016-11-03,2200.0
155149,2016-11-04,1400.0
155150,2016-11-05,2350.0
155151,2016-11-07,2350.0
155152,2016-11-08,2350.0
155153,2016-11-09,2250.0
155154,2016-11-10,2000.0
155155,2016-11-11,2350.0
155156,2016-11-14,2050.0
155157,2016-11-15,2300.0
155158,2016-11-16,2300.0
155159,2016-11-18,2250.0
155160,2016-11-19,2300.0
155161,2016-11-21,2350.0
155162,2016-11-22,2350.0
155163,2016-11-23,2300.0
155164,2016-11-24,2300.0
155165,2016-11-25,2250.0
155166,2016-11-26,2200.0
155167,2016-11-28,2250.0
155168,2016-11-29,2250.0
155169,2016-11-30,2200.0
155170,2016-12-02,2250.0
155171,2016-12-03,2200.0
155172,2016-12-05,2250.0
155173,2016-12-06,2050.0
155174,2016-12-07,2300.0
155175,2016-12-08,2300.0
155176,2016-12-12,2200.0
155177,2016-12-14,2000.0
155178,2016-12-15,2250.0
155179,2016-12-16,2150.0
155180,2016-12-17,2100.0
155181,2016-12-19,2100.0
155182,2016-12-20,2100.0
155183,2016-12-21,2100.0
155184,2016-12-22,2100.0
155550,2016-12-23,2100.0
155185,2016-12-24,2100.0
155186,2016-12-26,2050.0
155187,2016-12-27,2100.0
155188,2016-12-28,2100.0
155189,2016-12-29,2100.0
155190,2016-12-30,2100.0
155191,2016-12-31,2050.0
